id,type,size,urgency,status,assigned_machine,arrival_time,execution_time,start_time,completion_time,deadline,extended_deadline
1,TT2,81.0,URGENT,COMPLETED,gpu,0.136,"{'cpu': 2.308, 'gpu': 0.103, 'CLOUD': 0.103}",0.136,0.239,2.636,3.886
2,TT2,192.0,URGENT,COMPLETED,gpu,2.337,"{'cpu': 2.313, 'gpu': 0.099, 'CLOUD': 0.099}",2.337,2.4360000000000004,4.837,6.087
3,TT2,269.0,URGENT,COMPLETED,gpu,2.503,"{'cpu': 2.289, 'gpu': 0.098, 'CLOUD': 0.098}",2.503,2.601,5.003,6.253
4,TT2,122.0,URGENT,COMPLETED,gpu,8.849,"{'cpu': 2.316, 'gpu': 0.098, 'CLOUD': 0.098}",8.849,8.947000000000001,11.349,12.599
5,TT3,204.9,BESTEFFORT,COMPLETED,gpu,8.91,"{'cpu': 5.503, 'gpu': 1.502, 'CLOUD': 1.502}",8.947000000000001,10.449000000000002,17.91,22.41
6,TT3,306.8,BESTEFFORT,COMPLETED,gpu,9.057,"{'cpu': 5.517, 'gpu': 1.505, 'CLOUD': 1.505}",10.449000000000002,11.954,18.057000000000002,22.557000000000002
7,TT2,154.0,URGENT,COMPLETED,cpu,9.437,"{'cpu': 2.315, 'gpu': 0.094, 'CLOUD': 0.094}",9.437,11.751999999999999,11.937,13.187
8,TT2,241.0,URGENT,MISSED,cpu,9.6,"{'cpu': 2.302, 'gpu': 0.098, 'CLOUD': 0.098}",11.751999999999999,inf,12.1,13.35
9,TT3,184.1,BESTEFFORT,COMPLETED,gpu,9.824,"{'cpu': 5.496, 'gpu': 1.493, 'CLOUD': 1.493}",11.954,13.447000000000001,18.823999999999998,23.323999999999998
10,TT3,170.4,BESTEFFORT,XCOMPLETED,gpu,9.896,"{'cpu': 5.499, 'gpu': 1.517, 'CLOUD': 1.517}",18.115000000000002,19.632,18.896,23.396
11,TT3,395.7,BESTEFFORT,COMPLETED,gpu,10.926,"{'cpu': 5.504, 'gpu': 1.492, 'CLOUD': 1.492}",13.447000000000001,14.939,19.926000000000002,24.426000000000002
12,TT3,137.4,BESTEFFORT,COMPLETED,cpu,11.158,"{'cpu': 5.493, 'gpu': 1.493, 'CLOUD': 1.493}",12.1,17.593,20.158,24.658
13,TT3,145.4,BESTEFFORT,XCOMPLETED,gpu,11.368,"{'cpu': 5.507, 'gpu': 1.519, 'CLOUD': 1.519}",19.632,21.151,20.368000000000002,24.868000000000002
14,TT2,207.0,URGENT,MISSED,cpu,11.423,"{'cpu': 2.286, 'gpu': 0.099, 'CLOUD': 0.099}",17.593,inf,13.923,15.173
15,TT3,258.2,BESTEFFORT,COMPLETED,gpu,12.575,"{'cpu': 5.493, 'gpu': 1.469, 'CLOUD': 1.469}",14.939,16.408,21.575,26.075
16,TT3,277.4,BESTEFFORT,COMPLETED,gpu,12.922,"{'cpu': 5.513, 'gpu': 1.498, 'CLOUD': 1.498}",16.408,17.906000000000002,21.922,26.422
17,TT2,106.0,URGENT,COMPLETED,gpu,15.79,"{'cpu': 2.293, 'gpu': 0.101, 'CLOUD': 0.101}",17.906000000000002,18.007,18.29,19.54
18,TT2,289.0,URGENT,MISSED,cpu,15.911,"{'cpu': 2.295, 'gpu': 0.09, 'CLOUD': 0.09}",17.593,inf,18.411,19.661
19,TT2,266.0,URGENT,MISSED,cpu,16.94,"{'cpu': 2.295, 'gpu': 0.099, 'CLOUD': 0.099}",18.411,inf,19.44,20.69
20,TT2,208.0,URGENT,COMPLETED,gpu,17.32,"{'cpu': 2.288, 'gpu': 0.108, 'CLOUD': 0.108}",18.007,18.115000000000002,19.82,21.07
21,TT2,150.0,URGENT,MISSED,cpu,18.544,"{'cpu': 2.293, 'gpu': 0.094, 'CLOUD': 0.094}",19.44,inf,21.044,22.294
22,TT2,129.0,URGENT,COMPLETED,gpu,21.471,"{'cpu': 2.292, 'gpu': 0.099, 'CLOUD': 0.099}",21.471,21.57,23.971,25.221
23,TT2,42.0,URGENT,COMPLETED,gpu,23.516,"{'cpu': 2.292, 'gpu': 0.102, 'CLOUD': 0.102}",23.516,23.618,26.016,27.266
24,TT2,186.0,URGENT,COMPLETED,gpu,25.008,"{'cpu': 2.301, 'gpu': 0.09, 'CLOUD': 0.09}",25.008,25.098,27.508,28.758
25,TT2,129.0,URGENT,COMPLETED,gpu,25.471,"{'cpu': 2.317, 'gpu': 0.087, 'CLOUD': 0.087}",25.471,25.558,27.971,29.221
26,TT2,159.0,URGENT,COMPLETED,gpu,29.934,"{'cpu': 2.277, 'gpu': 0.099, 'CLOUD': 0.099}",29.934,30.033,32.434,33.684
27,TT2,40.0,URGENT,COMPLETED,gpu,32.386,"{'cpu': 2.286, 'gpu': 0.11, 'CLOUD': 0.11}",32.386,32.496,34.886,36.136
28,TT2,154.0,URGENT,COMPLETED,gpu,37.43,"{'cpu': 2.29, 'gpu': 0.094, 'CLOUD': 0.094}",37.43,37.524,39.93,41.18
29,TT2,232.0,URGENT,COMPLETED,gpu,38.302,"{'cpu': 2.304, 'gpu': 0.1, 'CLOUD': 0.1}",38.302,38.402,40.802,42.052
30,TT2,290.0,URGENT,COMPLETED,gpu,38.828,"{'cpu': 2.303, 'gpu': 0.097, 'CLOUD': 0.097}",38.828,38.925000000000004,41.328,42.578
31,TT2,120.0,URGENT,COMPLETED,gpu,41.365,"{'cpu': 2.297, 'gpu': 0.105, 'CLOUD': 0.105}",41.365,41.47,43.865,45.115
32,TT2,116.0,URGENT,COMPLETED,gpu,42.483,"{'cpu': 2.302, 'gpu': 0.099, 'CLOUD': 0.099}",42.483,42.581999999999994,44.983,46.233
33,TT2,234.0,URGENT,COMPLETED,gpu,43.704,"{'cpu': 2.301, 'gpu': 0.102, 'CLOUD': 0.102}",43.704,43.806,46.204,47.454
34,TT2,40.0,URGENT,COMPLETED,gpu,44.115,"{'cpu': 2.307, 'gpu': 0.099, 'CLOUD': 0.099}",44.115,44.214,46.615,47.865
35,TT2,156.0,URGENT,COMPLETED,gpu,46.009,"{'cpu': 2.307, 'gpu': 0.11, 'CLOUD': 0.11}",46.009,46.119,48.509,49.759
36,TT1,7.0,BESTEFFORT,COMPLETED,gpu,46.564,"{'cpu': 1.446, 'gpu': 0.974, 'CLOUD': 0.974}",46.564,47.538,49.564,51.064
37,TT1,49.0,BESTEFFORT,COMPLETED,cpu,46.604,"{'cpu': 1.48, 'gpu': 0.967, 'CLOUD': 0.967}",46.604,48.083999999999996,49.604,51.104
38,TT2,128.0,URGENT,COMPLETED,gpu,46.761,"{'cpu': 2.293, 'gpu': 0.091, 'CLOUD': 0.091}",47.538,47.629,49.261,50.511
39,TT2,230.0,URGENT,MISSED,cpu,46.892,"{'cpu': 2.306, 'gpu': 0.101, 'CLOUD': 0.101}",48.083999999999996,inf,49.392,50.642
40,TT1,157.0,BESTEFFORT,COMPLETED,gpu,47.003,"{'cpu': 1.436, 'gpu': 0.971, 'CLOUD': 0.971}",48.580999999999996,49.55199999999999,50.003,51.503
41,TT1,10.0,BESTEFFORT,MISSED,gpu,47.304,"{'cpu': 1.457, 'gpu': 0.971, 'CLOUD': 0.971}",51.47299999999999,inf,50.304,51.804
42,TT1,214.0,BESTEFFORT,COMPLETED,gpu,47.313,"{'cpu': 1.458, 'gpu': 0.952, 'CLOUD': 0.952}",47.629,48.580999999999996,50.313,51.813
43,TT1,6.0,BESTEFFORT,XCOMPLETED,cpu,47.5,"{'cpu': 1.453, 'gpu': 0.979, 'CLOUD': 0.979}",49.392,50.845000000000006,50.5,52.0
44,TT1,379.0,BESTEFFORT,COMPLETED,gpu,47.645,"{'cpu': 1.463, 'gpu': 0.96, 'CLOUD': 0.96}",49.55199999999999,50.51199999999999,50.645,52.145
45,TT1,157.0,BESTEFFORT,XCOMPLETED,gpu,47.783,"{'cpu': 1.464, 'gpu': 0.961, 'CLOUD': 0.961}",50.51199999999999,51.47299999999999,50.783,52.283
46,TT2,278.0,URGENT,MISSED,cpu,48.007,"{'cpu': 2.306, 'gpu': 0.095, 'CLOUD': 0.095}",50.845000000000006,inf,50.507,51.757
47,TT1,10.0,BESTEFFORT,MISSED,cpu,48.064,"{'cpu': 1.454, 'gpu': 0.966, 'CLOUD': 0.966}",52.29800000000001,inf,51.064,52.564
48,TT1,13.0,BESTEFFORT,XCOMPLETED,cpu,48.177,"{'cpu': 1.453, 'gpu': 0.965, 'CLOUD': 0.965}",50.845000000000006,52.29800000000001,51.177,52.677
49,TT1,498.0,BESTEFFORT,MISSED,gpu,48.196,"{'cpu': 1.477, 'gpu': 0.974, 'CLOUD': 0.974}",51.804,inf,51.196,52.696
50,TT1,169.0,BESTEFFORT,MISSED,gpu,48.477,"{'cpu': 1.443, 'gpu': 0.975, 'CLOUD': 0.975}",52.696,inf,51.477,52.977
51,TT1,44.0,BESTEFFORT,MISSED,cpu,49.138,"{'cpu': 1.457, 'gpu': 0.966, 'CLOUD': 0.966}",52.564,inf,52.138,53.638
52,TT1,447.0,BESTEFFORT,MISSED,cpu,49.542,"{'cpu': 1.448, 'gpu': 0.983, 'CLOUD': 0.983}",53.638,inf,52.542,54.042
53,TT1,49.0,BESTEFFORT,MISSED,gpu,49.963,"{'cpu': 1.455, 'gpu': 0.963, 'CLOUD': 0.963}",53.939,inf,52.963,54.463
54,TT1,90.0,BESTEFFORT,XCOMPLETED,gpu,49.975,"{'cpu': 1.458, 'gpu': 0.962, 'CLOUD': 0.962}",52.977,53.939,52.975,54.475
55,TT1,95.0,BESTEFFORT,MISSED,cpu,50.02,"{'cpu': 1.461, 'gpu': 0.979, 'CLOUD': 0.979}",54.042,inf,53.02,54.52
56,TT1,447.0,BESTEFFORT,MISSED,gpu,50.028,"{'cpu': 1.463, 'gpu': 0.963, 'CLOUD': 0.963}",54.463,inf,53.028,54.528
57,TT1,447.0,BESTEFFORT,MISSED,cpu,50.171,"{'cpu': 1.464, 'gpu': 0.987, 'CLOUD': 0.987}",54.52,inf,53.171,54.671
58,TT1,447.0,BESTEFFORT,MISSED,gpu,50.291,"{'cpu': 1.447, 'gpu': 0.98, 'CLOUD': 0.98}",54.528,inf,53.291,54.791
59,TT1,126.0,BESTEFFORT,MISSED,cpu,50.484,"{'cpu': 1.457, 'gpu': 0.972, 'CLOUD': 0.972}",54.671,inf,53.484,54.984
60,TT1,95.0,BESTEFFORT,MISSED,gpu,50.592,"{'cpu': 1.451, 'gpu': 0.978, 'CLOUD': 0.978}",54.791,inf,53.592,55.092
61,TT1,44.0,BESTEFFORT,MISSED,cpu,50.722,"{'cpu': 1.463, 'gpu': 0.975, 'CLOUD': 0.975}",54.984,inf,53.722,55.222
62,TT1,44.0,BESTEFFORT,MISSED,cpu,50.727,"{'cpu': 1.468, 'gpu': 0.975, 'CLOUD': 0.975}",55.222,inf,53.727,55.227
63,TT1,30.0,BESTEFFORT,MISSED,gpu,50.884,"{'cpu': 1.468, 'gpu': 0.963, 'CLOUD': 0.963}",55.28999999999999,inf,53.884,55.384
64,TT2,207.0,URGENT,MISSED,gpu,51.24,"{'cpu': 2.295, 'gpu': 0.104, 'CLOUD': 0.104}",55.092,inf,53.74,54.99
65,TT1,30.0,BESTEFFORT,MISSED,cpu,51.363,"{'cpu': 1.468, 'gpu': 0.954, 'CLOUD': 0.954}",55.227,inf,54.363,55.863
66,TT2,77.0,URGENT,COMPLETED,gpu,52.788,"{'cpu': 2.297, 'gpu': 0.096, 'CLOUD': 0.096}",55.092,55.187999999999995,55.288,56.538
67,TT2,147.0,URGENT,COMPLETED,gpu,54.644,"{'cpu': 2.286, 'gpu': 0.102, 'CLOUD': 0.102}",55.187999999999995,55.28999999999999,57.144,58.394
68,TT2,214.0,URGENT,COMPLETED,gpu,57.414,"{'cpu': 2.314, 'gpu': 0.101, 'CLOUD': 0.101}",57.414,57.515,59.914,61.164
69,TT2,151.0,URGENT,COMPLETED,gpu,57.563,"{'cpu': 2.3, 'gpu': 0.105, 'CLOUD': 0.105}",57.563,57.668,60.063,61.313
70,TT2,111.0,URGENT,COMPLETED,gpu,58.605,"{'cpu': 2.306, 'gpu': 0.098, 'CLOUD': 0.098}",58.605,58.702999999999996,61.105,62.355
71,TT2,155.0,URGENT,COMPLETED,gpu,60.631,"{'cpu': 2.294, 'gpu': 0.108, 'CLOUD': 0.108}",60.631,60.739,63.131,64.381
72,TT2,133.0,URGENT,COMPLETED,gpu,62.728,"{'cpu': 2.309, 'gpu': 0.089, 'CLOUD': 0.089}",62.728,62.817,65.22800000000001,66.47800000000001
73,TT2,117.0,URGENT,COMPLETED,gpu,62.866,"{'cpu': 2.317, 'gpu': 0.097, 'CLOUD': 0.097}",62.866,62.963,65.366,66.616
74,TT2,83.0,URGENT,COMPLETED,gpu,64.995,"{'cpu': 2.307, 'gpu': 0.101, 'CLOUD': 0.101}",64.995,65.096,67.495,68.745
75,TT3,212.4,BESTEFFORT,COMPLETED,gpu,66.776,"{'cpu': 5.487, 'gpu': 1.508, 'CLOUD': 1.508}",66.776,68.28399999999999,75.776,80.276
76,TT3,145.9,BESTEFFORT,COMPLETED,gpu,66.912,"{'cpu': 5.511, 'gpu': 1.501, 'CLOUD': 1.501}",68.28399999999999,69.785,75.912,80.412
77,TT3,165.4,BESTEFFORT,COMPLETED,cpu,66.919,"{'cpu': 5.504, 'gpu': 1.486, 'CLOUD': 1.486}",66.919,72.423,75.919,80.419
78,TT3,522.6,BESTEFFORT,XCOMPLETED,cpu,66.992,"{'cpu': 5.502, 'gpu': 1.502, 'CLOUD': 1.502}",72.423,77.925,75.992,80.492
79,TT3,110.1,BESTEFFORT,COMPLETED,gpu,67.014,"{'cpu': 5.49, 'gpu': 1.496, 'CLOUD': 1.496}",71.274,72.77,76.014,80.514
80,TT3,98.4,BESTEFFORT,MISSED,cpu,67.084,"{'cpu': 5.487, 'gpu': 1.499, 'CLOUD': 1.499}",77.925,inf,76.084,80.584
81,TT3,455.7,BESTEFFORT,COMPLETED,gpu,67.127,"{'cpu': 5.518, 'gpu': 1.489, 'CLOUD': 1.489}",69.785,71.274,76.127,80.627
82,TT3,501.3,BESTEFFORT,XCOMPLETED,gpu,67.295,"{'cpu': 5.51, 'gpu': 1.504, 'CLOUD': 1.504}",78.74,80.244,76.295,80.795
83,TT3,518.7,BESTEFFORT,COMPLETED,gpu,67.441,"{'cpu': 5.509, 'gpu': 1.484, 'CLOUD': 1.484}",72.77,74.25399999999999,76.441,80.941
84,TT3,146.6,BESTEFFORT,COMPLETED,gpu,67.638,"{'cpu': 5.502, 'gpu': 1.5, 'CLOUD': 1.5}",74.25399999999999,75.75399999999999,76.638,81.138
85,TT3,101.3,BESTEFFORT,MISSED,cpu,67.79,"{'cpu': 5.496, 'gpu': 1.531, 'CLOUD': 1.531}",80.584,inf,76.79,81.29
86,TT2,185.0,URGENT,MISSED,gpu,67.956,"{'cpu': 2.307, 'gpu': 0.101, 'CLOUD': 0.101}",75.75399999999999,inf,70.456,71.706
87,TT3,171.5,BESTEFFORT,XCOMPLETED,gpu,68.153,"{'cpu': 5.487, 'gpu': 1.501, 'CLOUD': 1.501}",75.75399999999999,77.255,77.153,81.653
88,TT3,551.3,BESTEFFORT,XCOMPLETED,gpu,68.46,"{'cpu': 5.505, 'gpu': 1.485, 'CLOUD': 1.485}",77.255,78.74,77.46,81.96
89,TT3,100.1,BESTEFFORT,MISSED,gpu,68.494,"{'cpu': 5.491, 'gpu': 1.511, 'CLOUD': 1.511}",81.745,inf,77.494,81.994
90,TT3,155.4,BESTEFFORT,XCOMPLETED,gpu,68.659,"{'cpu': 5.493, 'gpu': 1.501, 'CLOUD': 1.501}",80.244,81.745,77.659,82.159
91,TT3,234.8,BESTEFFORT,MISSED,cpu,68.828,"{'cpu': 5.507, 'gpu': 1.506, 'CLOUD': 1.506}",81.29,inf,77.828,82.328
92,TT3,143.2,BESTEFFORT,MISSED,cpu,68.838,"{'cpu': 5.493, 'gpu': 1.499, 'CLOUD': 1.499}",82.328,inf,77.838,82.338
93,TT3,653.4,BESTEFFORT,MISSED,gpu,68.854,"{'cpu': 5.51, 'gpu': 1.497, 'CLOUD': 1.497}",81.994,inf,77.854,82.354
94,TT3,478.5,BESTEFFORT,MISSED,gpu,68.966,"{'cpu': 5.486, 'gpu': 1.498, 'CLOUD': 1.498}",82.354,inf,77.966,82.466
95,TT3,92.9,BESTEFFORT,MISSED,cpu,69.273,"{'cpu': 5.5, 'gpu': 1.49, 'CLOUD': 1.49}",82.338,inf,78.273,82.773
96,TT3,181.3,BESTEFFORT,MISSED,cpu,69.278,"{'cpu': 5.507, 'gpu': 1.497, 'CLOUD': 1.497}",82.773,inf,78.278,82.778
97,TT2,206.0,URGENT,MISSED,cpu,69.514,"{'cpu': 2.302, 'gpu': 0.094, 'CLOUD': 0.094}",82.338,inf,72.014,73.264
98,TT3,165.4,BESTEFFORT,MISSED,gpu,69.786,"{'cpu': 5.503, 'gpu': 1.49, 'CLOUD': 1.49}",82.466,inf,78.786,83.286
99,TT3,528.5,BESTEFFORT,MISSED,gpu,69.893,"{'cpu': 5.505, 'gpu': 1.489, 'CLOUD': 1.489}",83.286,inf,78.893,83.393
100,TT3,118.2,BESTEFFORT,MISSED,cpu,69.981,"{'cpu': 5.506, 'gpu': 1.505, 'CLOUD': 1.505}",82.778,inf,78.981,83.481
101,TT3,502.7,BESTEFFORT,MISSED,cpu,70.826,"{'cpu': 5.5, 'gpu': 1.507, 'CLOUD': 1.507}",83.481,inf,79.826,84.326
102,TT3,73.5,BESTEFFORT,MISSED,gpu,71.265,"{'cpu': 5.5, 'gpu': 1.523, 'CLOUD': 1.523}",83.393,inf,80.265,84.765
103,TT3,107.4,BESTEFFORT,MISSED,gpu,71.492,"{'cpu': 5.501, 'gpu': 1.496, 'CLOUD': 1.496}",84.765,inf,80.492,84.992
104,TT3,148.8,BESTEFFORT,MISSED,cpu,71.63,"{'cpu': 5.476, 'gpu': 1.492, 'CLOUD': 1.492}",84.326,inf,80.63,85.13
105,TT3,499.9,BESTEFFORT,MISSED,cpu,71.671,"{'cpu': 5.503, 'gpu': 1.488, 'CLOUD': 1.488}",85.13,inf,80.671,85.171
106,TT2,302.0,URGENT,MISSED,cpu,72.542,"{'cpu': 2.324, 'gpu': 0.096, 'CLOUD': 0.096}",84.326,inf,75.042,76.292
107,TT2,73.0,URGENT,MISSED,cpu,73.569,"{'cpu': 2.293, 'gpu': 0.094, 'CLOUD': 0.094}",84.326,inf,76.069,77.319
108,TT2,80.0,URGENT,MISSED,cpu,74.397,"{'cpu': 2.287, 'gpu': 0.104, 'CLOUD': 0.104}",84.326,inf,76.897,78.147
109,TT2,133.0,URGENT,MISSED,cpu,77.523,"{'cpu': 2.303, 'gpu': 0.103, 'CLOUD': 0.103}",84.326,inf,80.023,81.273
110,TT2,136.0,URGENT,MISSED,cpu,79.74,"{'cpu': 2.302, 'gpu': 0.098, 'CLOUD': 0.098}",84.326,inf,82.24,83.49
111,TT2,142.0,URGENT,MISSED,cpu,79.984,"{'cpu': 2.294, 'gpu': 0.108, 'CLOUD': 0.108}",84.326,inf,82.484,83.734
112,TT2,112.0,URGENT,MISSED,cpu,81.772,"{'cpu': 2.29, 'gpu': 0.108, 'CLOUD': 0.108}",84.326,inf,84.272,85.522
113,TT2,185.0,URGENT,COMPLETED,gpu,84.76,"{'cpu': 2.305, 'gpu': 0.109, 'CLOUD': 0.109}",84.992,85.101,87.26,88.51
114,TT2,33.0,URGENT,COMPLETED,gpu,86.585,"{'cpu': 2.297, 'gpu': 0.092, 'CLOUD': 0.092}",86.585,86.67699999999999,89.085,90.335
115,TT2,122.0,URGENT,COMPLETED,gpu,88.133,"{'cpu': 2.305, 'gpu': 0.096, 'CLOUD': 0.096}",88.133,88.229,90.633,91.883
116,TT2,117.0,URGENT,COMPLETED,gpu,88.296,"{'cpu': 2.306, 'gpu': 0.1, 'CLOUD': 0.1}",88.296,88.396,90.796,92.046
117,TT2,184.0,URGENT,COMPLETED,gpu,88.508,"{'cpu': 2.285, 'gpu': 0.099, 'CLOUD': 0.099}",88.508,88.607,91.008,92.258
118,TT2,105.0,URGENT,COMPLETED,gpu,88.674,"{'cpu': 2.303, 'gpu': 0.085, 'CLOUD': 0.085}",88.674,88.759,91.174,92.424
119,TT2,112.0,URGENT,COMPLETED,gpu,90.673,"{'cpu': 2.287, 'gpu': 0.105, 'CLOUD': 0.105}",90.673,90.778,93.173,94.423
120,TT2,204.0,URGENT,COMPLETED,gpu,92.311,"{'cpu': 2.299, 'gpu': 0.096, 'CLOUD': 0.096}",92.311,92.40700000000001,94.811,96.061
121,TT2,206.0,URGENT,COMPLETED,gpu,93.19,"{'cpu': 2.303, 'gpu': 0.095, 'CLOUD': 0.095}",93.19,93.285,95.69,96.94
122,TT2,80.0,URGENT,COMPLETED,gpu,93.362,"{'cpu': 2.303, 'gpu': 0.097, 'CLOUD': 0.097}",93.362,93.45899999999999,95.862,97.112
123,TT2,214.0,URGENT,COMPLETED,gpu,95.124,"{'cpu': 2.294, 'gpu': 0.103, 'CLOUD': 0.103}",95.124,95.22699999999999,97.624,98.874
124,TT2,162.0,URGENT,COMPLETED,gpu,97.196,"{'cpu': 2.309, 'gpu': 0.097, 'CLOUD': 0.097}",97.196,97.29299999999999,99.696,100.946
125,TT2,131.0,URGENT,COMPLETED,gpu,100.527,"{'cpu': 2.292, 'gpu': 0.101, 'CLOUD': 0.101}",100.527,100.628,103.027,104.277
126,TT2,157.0,URGENT,COMPLETED,gpu,102.065,"{'cpu': 2.285, 'gpu': 0.092, 'CLOUD': 0.092}",102.065,102.157,104.565,105.815
127,TT2,103.0,URGENT,COMPLETED,gpu,103.29,"{'cpu': 2.302, 'gpu': 0.092, 'CLOUD': 0.092}",103.29,103.382,105.79,107.04
128,TT2,138.0,URGENT,COMPLETED,gpu,105.754,"{'cpu': 2.289, 'gpu': 0.102, 'CLOUD': 0.102}",105.754,105.85600000000001,108.254,109.504
129,TT2,137.0,URGENT,COMPLETED,gpu,107.056,"{'cpu': 2.307, 'gpu': 0.097, 'CLOUD': 0.097}",107.056,107.15299999999999,109.556,110.806
130,TT2,137.0,URGENT,COMPLETED,gpu,112.654,"{'cpu': 2.305, 'gpu': 0.097, 'CLOUD': 0.097}",112.654,112.75099999999999,115.154,116.404
131,TT2,97.0,URGENT,COMPLETED,gpu,112.922,"{'cpu': 2.313, 'gpu': 0.097, 'CLOUD': 0.097}",112.922,113.01899999999999,115.422,116.672
132,TT2,157.0,URGENT,COMPLETED,gpu,113.082,"{'cpu': 2.296, 'gpu': 0.102, 'CLOUD': 0.102}",113.082,113.184,115.582,116.832
133,TT2,253.0,URGENT,COMPLETED,gpu,113.966,"{'cpu': 2.309, 'gpu': 0.09, 'CLOUD': 0.09}",113.966,114.056,116.466,117.716
134,TT2,358.0,URGENT,COMPLETED,gpu,115.001,"{'cpu': 2.298, 'gpu': 0.096, 'CLOUD': 0.096}",115.001,115.09700000000001,117.501,118.751
135,TT2,185.0,URGENT,COMPLETED,gpu,118.503,"{'cpu': 2.286, 'gpu': 0.102, 'CLOUD': 0.102}",118.503,118.605,121.003,122.253
136,TT2,92.0,URGENT,COMPLETED,gpu,119.112,"{'cpu': 2.304, 'gpu': 0.096, 'CLOUD': 0.096}",119.112,119.208,121.612,122.862
137,TT2,73.0,URGENT,COMPLETED,gpu,119.625,"{'cpu': 2.301, 'gpu': 0.1, 'CLOUD': 0.1}",119.625,119.725,122.125,123.375
138,TT2,220.0,URGENT,COMPLETED,gpu,121.499,"{'cpu': 2.304, 'gpu': 0.102, 'CLOUD': 0.102}",121.499,121.601,123.999,125.249
139,TT2,164.0,URGENT,COMPLETED,gpu,121.807,"{'cpu': 2.311, 'gpu': 0.103, 'CLOUD': 0.103}",121.807,121.91,124.307,125.557
140,TT2,88.0,URGENT,COMPLETED,gpu,122.245,"{'cpu': 2.323, 'gpu': 0.102, 'CLOUD': 0.102}",122.245,122.34700000000001,124.745,125.995
141,TT2,203.0,URGENT,COMPLETED,gpu,123.456,"{'cpu': 2.294, 'gpu': 0.096, 'CLOUD': 0.096}",123.456,123.552,125.956,127.206
142,TT2,48.0,URGENT,COMPLETED,gpu,123.559,"{'cpu': 2.289, 'gpu': 0.097, 'CLOUD': 0.097}",123.559,123.65599999999999,126.059,127.309
143,TT2,131.0,URGENT,COMPLETED,gpu,124.881,"{'cpu': 2.294, 'gpu': 0.093, 'CLOUD': 0.093}",124.881,124.974,127.381,128.631
144,TT2,133.0,URGENT,COMPLETED,gpu,128.272,"{'cpu': 2.295, 'gpu': 0.09, 'CLOUD': 0.09}",128.272,128.362,130.772,132.022
145,TT2,192.0,URGENT,COMPLETED,gpu,128.332,"{'cpu': 2.306, 'gpu': 0.099, 'CLOUD': 0.099}",128.362,128.46099999999998,130.832,132.082
146,TT2,131.0,URGENT,COMPLETED,gpu,129.311,"{'cpu': 2.301, 'gpu': 0.094, 'CLOUD': 0.094}",129.311,129.405,131.811,133.061
147,TT2,172.0,URGENT,COMPLETED,gpu,129.963,"{'cpu': 2.293, 'gpu': 0.09, 'CLOUD': 0.09}",129.963,130.053,132.463,133.713
148,TT2,248.0,URGENT,COMPLETED,gpu,131.471,"{'cpu': 2.309, 'gpu': 0.102, 'CLOUD': 0.102}",131.471,131.573,133.971,135.221
149,TT2,127.0,URGENT,COMPLETED,gpu,135.834,"{'cpu': 2.293, 'gpu': 0.091, 'CLOUD': 0.091}",135.834,135.925,138.334,139.584
150,TT2,149.0,URGENT,COMPLETED,gpu,139.312,"{'cpu': 2.301, 'gpu': 0.093, 'CLOUD': 0.093}",139.312,139.405,141.812,143.062
151,TT2,127.0,URGENT,COMPLETED,gpu,139.487,"{'cpu': 2.313, 'gpu': 0.099, 'CLOUD': 0.099}",139.487,139.58599999999998,141.987,143.237
152,TT2,208.0,URGENT,COMPLETED,gpu,140.907,"{'cpu': 2.31, 'gpu': 0.097, 'CLOUD': 0.097}",140.907,141.00400000000002,143.407,144.657
153,TT2,200.0,URGENT,COMPLETED,gpu,143.177,"{'cpu': 2.296, 'gpu': 0.114, 'CLOUD': 0.114}",143.177,143.291,145.677,146.927
154,TT2,254.0,URGENT,COMPLETED,gpu,143.203,"{'cpu': 2.289, 'gpu': 0.096, 'CLOUD': 0.096}",143.291,143.387,145.703,146.953
155,TT2,125.0,URGENT,COMPLETED,gpu,145.902,"{'cpu': 2.303, 'gpu': 0.1, 'CLOUD': 0.1}",145.902,146.00199999999998,148.402,149.652
156,TT2,173.0,URGENT,COMPLETED,gpu,146.09,"{'cpu': 2.302, 'gpu': 0.098, 'CLOUD': 0.098}",146.09,146.18800000000002,148.59,149.84
157,TT2,149.0,URGENT,COMPLETED,gpu,148.612,"{'cpu': 2.293, 'gpu': 0.106, 'CLOUD': 0.106}",148.612,148.718,151.112,152.362
158,TT2,277.0,URGENT,COMPLETED,gpu,151.533,"{'cpu': 2.298, 'gpu': 0.101, 'CLOUD': 0.101}",151.533,151.634,154.033,155.283
159,TT2,162.0,URGENT,COMPLETED,gpu,154.002,"{'cpu': 2.294, 'gpu': 0.098, 'CLOUD': 0.098}",154.002,154.10000000000002,156.502,157.752
160,TT2,187.0,URGENT,COMPLETED,gpu,161.947,"{'cpu': 2.312, 'gpu': 0.098, 'CLOUD': 0.098}",161.947,162.04500000000002,164.447,165.697
161,TT1,7.0,BESTEFFORT,COMPLETED,gpu,162.089,"{'cpu': 1.46, 'gpu': 0.944, 'CLOUD': 0.944}",162.089,163.033,165.089,166.589
162,TT2,332.0,URGENT,COMPLETED,gpu,163.399,"{'cpu': 2.304, 'gpu': 0.1, 'CLOUD': 0.1}",163.399,163.499,165.899,167.149
163,TT2,304.0,URGENT,COMPLETED,gpu,164.694,"{'cpu': 2.289, 'gpu': 0.104, 'CLOUD': 0.104}",164.694,164.798,167.194,168.444
164,TT2,209.0,URGENT,COMPLETED,gpu,165.575,"{'cpu': 2.315, 'gpu': 0.096, 'CLOUD': 0.096}",165.575,165.671,168.075,169.325
165,TT2,161.0,URGENT,COMPLETED,gpu,166.927,"{'cpu': 2.307, 'gpu': 0.1, 'CLOUD': 0.1}",166.927,167.027,169.427,170.677
166,TT2,248.0,URGENT,COMPLETED,gpu,167.785,"{'cpu': 2.296, 'gpu': 0.098, 'CLOUD': 0.098}",167.785,167.883,170.285,171.535
167,TT2,110.0,URGENT,COMPLETED,gpu,169.336,"{'cpu': 2.299, 'gpu': 0.096, 'CLOUD': 0.096}",169.336,169.43200000000002,171.836,173.086
168,TT2,132.0,URGENT,COMPLETED,gpu,169.576,"{'cpu': 2.302, 'gpu': 0.091, 'CLOUD': 0.091}",169.576,169.667,172.076,173.326
169,TT2,151.0,URGENT,COMPLETED,gpu,171.039,"{'cpu': 2.307, 'gpu': 0.106, 'CLOUD': 0.106}",171.039,171.14499999999998,173.539,174.789
170,TT2,157.0,URGENT,COMPLETED,gpu,171.55,"{'cpu': 2.295, 'gpu': 0.092, 'CLOUD': 0.092}",171.55,171.64200000000002,174.05,175.3
171,TT2,224.0,URGENT,COMPLETED,gpu,172.533,"{'cpu': 2.308, 'gpu': 0.113, 'CLOUD': 0.113}",172.533,172.646,175.033,176.283
172,TT2,127.0,URGENT,COMPLETED,gpu,177.088,"{'cpu': 2.315, 'gpu': 0.101, 'CLOUD': 0.101}",177.088,177.189,179.588,180.838
173,TT2,257.0,URGENT,COMPLETED,gpu,183.004,"{'cpu': 2.301, 'gpu': 0.105, 'CLOUD': 0.105}",183.004,183.10899999999998,185.504,186.754
174,TT2,185.0,URGENT,COMPLETED,gpu,184.179,"{'cpu': 2.307, 'gpu': 0.11, 'CLOUD': 0.11}",184.179,184.28900000000002,186.679,187.929
175,TT2,81.0,URGENT,COMPLETED,gpu,185.907,"{'cpu': 2.302, 'gpu': 0.094, 'CLOUD': 0.094}",185.907,186.001,188.407,189.657
176,TT2,198.0,URGENT,COMPLETED,gpu,187.381,"{'cpu': 2.292, 'gpu': 0.108, 'CLOUD': 0.108}",187.381,187.489,189.881,191.131
177,TT2,147.0,URGENT,COMPLETED,gpu,187.827,"{'cpu': 2.297, 'gpu': 0.093, 'CLOUD': 0.093}",187.827,187.92,190.327,191.577
178,TT2,93.0,URGENT,COMPLETED,gpu,188.738,"{'cpu': 2.294, 'gpu': 0.102, 'CLOUD': 0.102}",188.738,188.84,191.238,192.488
179,TT2,181.0,URGENT,COMPLETED,gpu,192.168,"{'cpu': 2.291, 'gpu': 0.095, 'CLOUD': 0.095}",192.168,192.263,194.668,195.918
180,TT2,235.0,URGENT,COMPLETED,gpu,194.996,"{'cpu': 2.288, 'gpu': 0.099, 'CLOUD': 0.099}",194.996,195.095,197.496,198.746
181,TT2,136.0,URGENT,COMPLETED,gpu,196.904,"{'cpu': 2.292, 'gpu': 0.095, 'CLOUD': 0.095}",196.904,196.999,199.404,200.654
182,TT2,135.0,URGENT,COMPLETED,gpu,198.724,"{'cpu': 2.291, 'gpu': 0.095, 'CLOUD': 0.095}",198.724,198.819,201.224,202.474
183,TT2,162.0,URGENT,COMPLETED,gpu,198.8,"{'cpu': 2.316, 'gpu': 0.106, 'CLOUD': 0.106}",198.819,198.92499999999998,201.3,202.55
184,TT2,147.0,URGENT,COMPLETED,gpu,198.979,"{'cpu': 2.288, 'gpu': 0.103, 'CLOUD': 0.103}",198.979,199.08200000000002,201.479,202.729
185,TT2,109.0,URGENT,COMPLETED,gpu,199.39,"{'cpu': 2.309, 'gpu': 0.096, 'CLOUD': 0.096}",199.39,199.486,201.89,203.14
186,TT2,93.0,URGENT,COMPLETED,gpu,200.325,"{'cpu': 2.295, 'gpu': 0.098, 'CLOUD': 0.098}",200.325,200.423,202.825,204.075
187,TT2,126.0,URGENT,COMPLETED,gpu,200.532,"{'cpu': 2.307, 'gpu': 0.097, 'CLOUD': 0.097}",200.532,200.62900000000002,203.032,204.282
188,TT2,105.0,URGENT,COMPLETED,gpu,204.498,"{'cpu': 2.317, 'gpu': 0.098, 'CLOUD': 0.098}",204.498,204.596,206.998,208.248
189,TT2,160.0,URGENT,COMPLETED,gpu,205.121,"{'cpu': 2.302, 'gpu': 0.098, 'CLOUD': 0.098}",205.121,205.21900000000002,207.621,208.871
190,TT2,184.0,URGENT,COMPLETED,gpu,205.739,"{'cpu': 2.316, 'gpu': 0.094, 'CLOUD': 0.094}",205.739,205.833,208.239,209.489
191,TT2,199.0,URGENT,COMPLETED,gpu,205.873,"{'cpu': 2.306, 'gpu': 0.1, 'CLOUD': 0.1}",205.873,205.97299999999998,208.373,209.623
192,TT2,109.0,URGENT,COMPLETED,gpu,208.799,"{'cpu': 2.291, 'gpu': 0.098, 'CLOUD': 0.098}",208.799,208.89700000000002,211.299,212.549
193,TT2,141.0,URGENT,COMPLETED,gpu,213.425,"{'cpu': 2.305, 'gpu': 0.106, 'CLOUD': 0.106}",213.425,213.531,215.925,217.175
194,TT2,147.0,URGENT,COMPLETED,gpu,213.736,"{'cpu': 2.31, 'gpu': 0.098, 'CLOUD': 0.098}",213.736,213.834,216.236,217.486
195,TT2,214.0,URGENT,COMPLETED,gpu,215.087,"{'cpu': 2.312, 'gpu': 0.093, 'CLOUD': 0.093}",215.087,215.17999999999998,217.587,218.837
196,TT2,116.0,URGENT,COMPLETED,gpu,215.965,"{'cpu': 2.323, 'gpu': 0.102, 'CLOUD': 0.102}",215.965,216.067,218.465,219.715
197,TT2,207.0,URGENT,COMPLETED,gpu,216.616,"{'cpu': 2.302, 'gpu': 0.098, 'CLOUD': 0.098}",216.616,216.71400000000003,219.116,220.366
198,TT2,96.0,URGENT,COMPLETED,gpu,220.684,"{'cpu': 2.316, 'gpu': 0.104, 'CLOUD': 0.104}",220.684,220.788,223.184,224.434
199,TT3,192.4,BESTEFFORT,COMPLETED,gpu,221.581,"{'cpu': 5.498, 'gpu': 1.481, 'CLOUD': 1.481}",221.581,223.06199999999998,230.581,235.081
200,TT3,207.1,BESTEFFORT,COMPLETED,gpu,222.231,"{'cpu': 5.51, 'gpu': 1.502, 'CLOUD': 1.502}",223.06199999999998,224.564,231.231,235.731
201,TT3,87.0,BESTEFFORT,COMPLETED,cpu,222.275,"{'cpu': 5.493, 'gpu': 1.496, 'CLOUD': 1.496}",222.275,227.768,231.275,235.775
202,TT3,474.8,BESTEFFORT,XCOMPLETED,cpu,222.678,"{'cpu': 5.511, 'gpu': 1.503, 'CLOUD': 1.503}",227.768,233.279,231.678,236.178
203,TT3,106.5,BESTEFFORT,COMPLETED,gpu,222.743,"{'cpu': 5.51, 'gpu': 1.501, 'CLOUD': 1.501}",227.559,229.06,231.743,236.243
204,TT3,59.9,BESTEFFORT,MISSED,cpu,222.889,"{'cpu': 5.497, 'gpu': 1.519, 'CLOUD': 1.519}",233.279,inf,231.889,236.389
205,TT3,53.0,BESTEFFORT,COMPLETED,gpu,223.061,"{'cpu': 5.515, 'gpu': 1.497, 'CLOUD': 1.497}",224.564,226.061,232.061,236.561
206,TT3,170.5,BESTEFFORT,COMPLETED,gpu,223.171,"{'cpu': 5.502, 'gpu': 1.498, 'CLOUD': 1.498}",226.061,227.559,232.171,236.671
207,TT3,235.7,BESTEFFORT,MISSED,cpu,223.179,"{'cpu': 5.492, 'gpu': 1.504, 'CLOUD': 1.504}",236.389,inf,232.179,236.679
208,TT3,184.3,BESTEFFORT,COMPLETED,gpu,223.908,"{'cpu': 5.496, 'gpu': 1.486, 'CLOUD': 1.486}",229.06,230.546,232.908,237.408
209,TT3,211.0,BESTEFFORT,COMPLETED,gpu,223.96,"{'cpu': 5.508, 'gpu': 1.498, 'CLOUD': 1.498}",230.546,232.04399999999998,232.96,237.46
210,TT3,360.5,BESTEFFORT,XCOMPLETED,gpu,224.114,"{'cpu': 5.507, 'gpu': 1.507, 'CLOUD': 1.507}",233.53699999999998,235.04399999999998,233.114,237.614
211,TT3,121.3,BESTEFFORT,XCOMPLETED,gpu,224.138,"{'cpu': 5.493, 'gpu': 1.493, 'CLOUD': 1.493}",232.04399999999998,233.53699999999998,233.138,237.638
212,TT2,105.0,URGENT,MISSED,gpu,224.141,"{'cpu': 2.298, 'gpu': 0.102, 'CLOUD': 0.102}",233.53699999999998,inf,226.641,227.891
213,TT3,401.2,BESTEFFORT,MISSED,gpu,224.18,"{'cpu': 5.512, 'gpu': 1.51, 'CLOUD': 1.51}",236.527,inf,233.18,237.68
214,TT3,73.0,BESTEFFORT,MISSED,gpu,224.261,"{'cpu': 5.523, 'gpu': 1.512, 'CLOUD': 1.512}",237.68,inf,233.261,237.761
215,TT3,176.0,BESTEFFORT,XCOMPLETED,gpu,224.387,"{'cpu': 5.501, 'gpu': 1.483, 'CLOUD': 1.483}",235.04399999999998,236.527,233.387,237.887
216,TT3,136.0,BESTEFFORT,MISSED,cpu,224.397,"{'cpu': 5.501, 'gpu': 1.5, 'CLOUD': 1.5}",236.679,inf,233.397,237.897
217,TT2,150.0,URGENT,MISSED,cpu,224.535,"{'cpu': 2.293, 'gpu': 0.106, 'CLOUD': 0.106}",236.679,inf,227.035,228.285
218,TT3,304.1,BESTEFFORT,MISSED,cpu,224.589,"{'cpu': 5.489, 'gpu': 1.512, 'CLOUD': 1.512}",237.897,inf,233.589,238.089
219,TT3,630.9,BESTEFFORT,MISSED,gpu,224.613,"{'cpu': 5.501, 'gpu': 1.499, 'CLOUD': 1.499}",237.761,inf,233.613,238.113
220,TT3,375.9,BESTEFFORT,MISSED,cpu,224.676,"{'cpu': 5.502, 'gpu': 1.508, 'CLOUD': 1.508}",238.089,inf,233.676,238.176
221,TT3,215.9,BESTEFFORT,MISSED,gpu,224.676,"{'cpu': 5.499, 'gpu': 1.51, 'CLOUD': 1.51}",238.113,inf,233.676,238.176
222,TT3,124.8,BESTEFFORT,MISSED,cpu,224.825,"{'cpu': 5.511, 'gpu': 1.492, 'CLOUD': 1.492}",238.176,inf,233.825,238.325
223,TT2,246.0,URGENT,MISSED,cpu,224.929,"{'cpu': 2.308, 'gpu': 0.103, 'CLOUD': 0.103}",238.089,inf,227.429,228.679
224,TT2,238.0,URGENT,MISSED,cpu,225.252,"{'cpu': 2.294, 'gpu': 0.098, 'CLOUD': 0.098}",238.089,inf,227.752,229.002
225,TT3,97.3,BESTEFFORT,MISSED,gpu,225.506,"{'cpu': 5.494, 'gpu': 1.497, 'CLOUD': 1.497}",238.176,inf,234.506,239.006
226,TT3,123.4,BESTEFFORT,MISSED,cpu,225.564,"{'cpu': 5.5, 'gpu': 1.504, 'CLOUD': 1.504}",238.325,inf,234.564,239.064
227,TT3,90.2,BESTEFFORT,MISSED,gpu,225.841,"{'cpu': 5.497, 'gpu': 1.493, 'CLOUD': 1.493}",239.006,inf,234.841,239.341
228,TT3,364.1,BESTEFFORT,MISSED,cpu,225.851,"{'cpu': 5.506, 'gpu': 1.496, 'CLOUD': 1.496}",239.064,inf,234.851,239.351
229,TT3,102.0,BESTEFFORT,MISSED,cpu,225.992,"{'cpu': 5.511, 'gpu': 1.505, 'CLOUD': 1.505}",239.351,inf,234.992,239.492
230,TT2,157.0,URGENT,MISSED,cpu,229.41,"{'cpu': 2.308, 'gpu': 0.1, 'CLOUD': 0.1}",239.064,inf,231.91,233.16
231,TT2,83.0,URGENT,MISSED,gpu,229.769,"{'cpu': 2.282, 'gpu': 0.108, 'CLOUD': 0.108}",239.341,inf,232.269,233.519
232,TT2,55.0,URGENT,MISSED,cpu,232.925,"{'cpu': 2.296, 'gpu': 0.1, 'CLOUD': 0.1}",239.064,inf,235.425,236.675
233,TT2,263.0,URGENT,MISSED,cpu,234.589,"{'cpu': 2.312, 'gpu': 0.104, 'CLOUD': 0.104}",239.064,inf,237.089,238.339
234,TT2,75.0,URGENT,MISSED,cpu,235.087,"{'cpu': 2.299, 'gpu': 0.095, 'CLOUD': 0.095}",239.064,inf,237.587,238.837
235,TT2,143.0,URGENT,COMPLETED,gpu,237.494,"{'cpu': 2.313, 'gpu': 0.097, 'CLOUD': 0.097}",239.43200000000002,239.52900000000002,239.994,241.244
236,TT2,157.0,URGENT,COMPLETED,gpu,238.621,"{'cpu': 2.317, 'gpu': 0.091, 'CLOUD': 0.091}",239.341,239.43200000000002,241.121,242.371
237,TT2,145.0,URGENT,COMPLETED,gpu,239.447,"{'cpu': 2.292, 'gpu': 0.098, 'CLOUD': 0.098}",239.52900000000002,239.62700000000004,241.947,243.197
238,TT2,113.0,URGENT,COMPLETED,gpu,239.542,"{'cpu': 2.312, 'gpu': 0.093, 'CLOUD': 0.093}",239.62700000000004,239.72000000000003,242.042,243.292
239,TT2,234.0,URGENT,COMPLETED,gpu,242.401,"{'cpu': 2.289, 'gpu': 0.097, 'CLOUD': 0.097}",242.401,242.49800000000002,244.901,246.151
240,TT3,134.3,BESTEFFORT,COMPLETED,gpu,243.459,"{'cpu': 5.5, 'gpu': 1.499, 'CLOUD': 1.499}",243.459,244.958,252.459,256.959
241,TT3,150.2,BESTEFFORT,COMPLETED,gpu,243.736,"{'cpu': 5.5, 'gpu': 1.499, 'CLOUD': 1.499}",244.958,246.457,252.736,257.236
242,TT3,456.3,BESTEFFORT,COMPLETED,cpu,243.774,"{'cpu': 5.496, 'gpu': 1.506, 'CLOUD': 1.506}",243.774,249.27,252.774,257.274
243,TT3,242.7,BESTEFFORT,XCOMPLETED,cpu,243.783,"{'cpu': 5.504, 'gpu': 1.499, 'CLOUD': 1.499}",249.27,254.774,252.783,257.283
244,TT3,138.5,BESTEFFORT,COMPLETED,gpu,243.843,"{'cpu': 5.494, 'gpu': 1.494, 'CLOUD': 1.494}",247.948,249.442,252.843,257.34299999999996
245,TT3,93.4,BESTEFFORT,COMPLETED,gpu,243.973,"{'cpu': 5.495, 'gpu': 1.499, 'CLOUD': 1.499}",249.442,250.941,252.973,257.473
246,TT3,152.1,BESTEFFORT,COMPLETED,gpu,243.979,"{'cpu': 5.501, 'gpu': 1.491, 'CLOUD': 1.491}",246.457,247.948,252.979,257.47900000000004
247,TT2,147.0,URGENT,MISSED,gpu,244.252,"{'cpu': 2.302, 'gpu': 0.104, 'CLOUD': 0.104}",247.948,inf,246.752,248.002
248,TT2,109.0,URGENT,MISSED,gpu,244.286,"{'cpu': 2.297, 'gpu': 0.103, 'CLOUD': 0.103}",247.948,inf,246.786,248.036
249,TT3,266.0,BESTEFFORT,MISSED,cpu,244.364,"{'cpu': 5.495, 'gpu': 1.508, 'CLOUD': 1.508}",254.774,inf,253.364,257.86400000000003
250,TT3,213.0,BESTEFFORT,MISSED,cpu,244.69,"{'cpu': 5.506, 'gpu': 1.505, 'CLOUD': 1.505}",257.86400000000003,inf,253.69,258.19
251,TT3,130.1,BESTEFFORT,MISSED,cpu,245.158,"{'cpu': 5.487, 'gpu': 1.509, 'CLOUD': 1.509}",258.19,inf,254.158,258.658
252,TT3,134.3,BESTEFFORT,COMPLETED,gpu,245.527,"{'cpu': 5.508, 'gpu': 1.488, 'CLOUD': 1.488}",250.941,252.429,254.527,259.027
253,TT2,139.0,URGENT,MISSED,gpu,245.876,"{'cpu': 2.306, 'gpu': 0.11, 'CLOUD': 0.11}",252.429,inf,248.376,249.626
254,TT2,213.0,URGENT,MISSED,gpu,246.091,"{'cpu': 2.314, 'gpu': 0.102, 'CLOUD': 0.102}",252.429,inf,248.591,249.841
255,TT3,281.2,BESTEFFORT,COMPLETED,gpu,246.138,"{'cpu': 5.493, 'gpu': 1.502, 'CLOUD': 1.502}",252.429,253.931,255.138,259.63800000000003
256,TT3,283.7,BESTEFFORT,COMPLETED,gpu,246.579,"{'cpu': 5.496, 'gpu': 1.5, 'CLOUD': 1.5}",253.931,255.431,255.579,260.079
257,TT3,212.9,BESTEFFORT,XCOMPLETED,gpu,247.28,"{'cpu': 5.489, 'gpu': 1.497, 'CLOUD': 1.497}",255.431,256.928,256.28,260.78
258,TT3,280.7,BESTEFFORT,XCOMPLETED,gpu,247.541,"{'cpu': 5.494, 'gpu': 1.495, 'CLOUD': 1.495}",256.928,258.423,256.541,261.041
259,TT3,265.2,BESTEFFORT,XCOMPLETED,gpu,248.131,"{'cpu': 5.508, 'gpu': 1.501, 'CLOUD': 1.501}",258.423,259.924,257.131,261.631
260,TT2,139.0,URGENT,MISSED,gpu,249.128,"{'cpu': 2.302, 'gpu': 0.101, 'CLOUD': 0.101}",258.423,inf,251.628,252.878
261,TT2,67.0,URGENT,MISSED,cpu,249.432,"{'cpu': 2.317, 'gpu': 0.097, 'CLOUD': 0.097}",258.19,inf,251.932,253.182
262,TT1,120.0,BESTEFFORT,MISSED,cpu,249.439,"{'cpu': 1.458, 'gpu': 0.982, 'CLOUD': 0.982}",258.19,inf,252.439,253.939
263,TT2,132.0,URGENT,MISSED,cpu,250.322,"{'cpu': 2.286, 'gpu': 0.096, 'CLOUD': 0.096}",258.19,inf,252.822,254.072
264,TT2,206.0,URGENT,MISSED,cpu,250.702,"{'cpu': 2.292, 'gpu': 0.101, 'CLOUD': 0.101}",258.19,inf,253.202,254.452
265,TT2,73.0,URGENT,MISSED,cpu,251.174,"{'cpu': 2.295, 'gpu': 0.105, 'CLOUD': 0.105}",258.19,inf,253.674,254.924
266,TT2,80.0,URGENT,MISSED,cpu,253.417,"{'cpu': 2.294, 'gpu': 0.113, 'CLOUD': 0.113}",258.19,inf,255.917,257.16700000000003
267,TT2,207.0,URGENT,MISSED,cpu,254.008,"{'cpu': 2.297, 'gpu': 0.099, 'CLOUD': 0.099}",258.19,inf,256.50800000000004,257.75800000000004
268,TT2,155.0,URGENT,MISSED,cpu,257.192,"{'cpu': 2.309, 'gpu': 0.102, 'CLOUD': 0.102}",258.658,inf,259.692,260.942
269,TT2,165.0,URGENT,COMPLETED,gpu,261.179,"{'cpu': 2.304, 'gpu': 0.102, 'CLOUD': 0.102}",261.179,261.28099999999995,263.679,264.929
270,TT2,208.0,URGENT,COMPLETED,gpu,262.246,"{'cpu': 2.299, 'gpu': 0.109, 'CLOUD': 0.109}",262.246,262.35499999999996,264.746,265.996
271,TT2,165.0,URGENT,COMPLETED,gpu,263.069,"{'cpu': 2.306, 'gpu': 0.105, 'CLOUD': 0.105}",263.069,263.17400000000004,265.569,266.819
272,TT2,177.0,URGENT,COMPLETED,gpu,263.16,"{'cpu': 2.289, 'gpu': 0.091, 'CLOUD': 0.091}",263.17400000000004,263.26500000000004,265.66,266.91
273,TT2,173.0,URGENT,COMPLETED,gpu,263.385,"{'cpu': 2.312, 'gpu': 0.111, 'CLOUD': 0.111}",263.385,263.496,265.885,267.135
274,TT2,162.0,URGENT,COMPLETED,gpu,263.556,"{'cpu': 2.325, 'gpu': 0.103, 'CLOUD': 0.103}",263.556,263.659,266.056,267.306
275,TT2,143.0,URGENT,COMPLETED,gpu,265.006,"{'cpu': 2.292, 'gpu': 0.089, 'CLOUD': 0.089}",265.006,265.09499999999997,267.506,268.756
276,TT2,232.0,URGENT,COMPLETED,gpu,266.255,"{'cpu': 2.305, 'gpu': 0.098, 'CLOUD': 0.098}",266.255,266.353,268.755,270.005
277,TT1,90.0,BESTEFFORT,COMPLETED,gpu,266.815,"{'cpu': 1.491, 'gpu': 0.969, 'CLOUD': 0.969}",266.815,267.784,269.815,271.315
278,TT2,97.0,URGENT,COMPLETED,gpu,267.444,"{'cpu': 2.3, 'gpu': 0.104, 'CLOUD': 0.104}",267.784,267.888,269.944,271.194
279,TT1,512.0,BESTEFFORT,COMPLETED,cpu,267.462,"{'cpu': 1.455, 'gpu': 0.999, 'CLOUD': 0.999}",267.462,268.917,270.462,271.962
280,TT2,55.0,URGENT,MISSED,cpu,267.477,"{'cpu': 2.303, 'gpu': 0.101, 'CLOUD': 0.101}",268.917,inf,269.977,271.227
281,TT1,7.0,BESTEFFORT,COMPLETED,gpu,268.057,"{'cpu': 1.449, 'gpu': 0.955, 'CLOUD': 0.955}",268.057,269.012,271.057,272.557
282,TT2,139.0,URGENT,COMPLETED,gpu,269.163,"{'cpu': 2.302, 'gpu': 0.097, 'CLOUD': 0.097}",269.163,269.26,271.663,272.913
283,TT1,7.0,BESTEFFORT,COMPLETED,gpu,269.544,"{'cpu': 1.467, 'gpu': 0.972, 'CLOUD': 0.972}",269.544,270.51599999999996,272.544,274.044
284,TT1,447.0,BESTEFFORT,COMPLETED,cpu,269.55,"{'cpu': 1.445, 'gpu': 0.973, 'CLOUD': 0.973}",269.977,271.42199999999997,272.55,274.05
285,TT2,194.0,URGENT,COMPLETED,gpu,270.926,"{'cpu': 2.292, 'gpu': 0.102, 'CLOUD': 0.102}",270.926,271.02799999999996,273.426,274.676
286,TT2,164.0,URGENT,COMPLETED,gpu,272.919,"{'cpu': 2.295, 'gpu': 0.103, 'CLOUD': 0.103}",272.919,273.022,275.419,276.669
287,TT2,170.0,URGENT,COMPLETED,gpu,273.965,"{'cpu': 2.298, 'gpu': 0.103, 'CLOUD': 0.103}",273.965,274.068,276.465,277.715
288,TT2,177.0,URGENT,COMPLETED,gpu,274.897,"{'cpu': 2.315, 'gpu': 0.098, 'CLOUD': 0.098}",274.897,274.995,277.397,278.647
289,TT2,96.0,URGENT,COMPLETED,gpu,276.188,"{'cpu': 2.302, 'gpu': 0.104, 'CLOUD': 0.104}",276.188,276.292,278.688,279.938
290,TT2,156.0,URGENT,COMPLETED,gpu,282.018,"{'cpu': 2.308, 'gpu': 0.099, 'CLOUD': 0.099}",282.018,282.11699999999996,284.518,285.768
291,TT2,167.0,URGENT,COMPLETED,gpu,282.442,"{'cpu': 2.297, 'gpu': 0.101, 'CLOUD': 0.101}",282.442,282.543,284.942,286.192
292,TT2,178.0,URGENT,COMPLETED,gpu,283.035,"{'cpu': 2.314, 'gpu': 0.101, 'CLOUD': 0.101}",283.035,283.136,285.535,286.785
293,TT2,144.0,URGENT,COMPLETED,gpu,283.756,"{'cpu': 2.305, 'gpu': 0.093, 'CLOUD': 0.093}",283.756,283.849,286.256,287.506
294,TT2,275.0,URGENT,COMPLETED,gpu,284.122,"{'cpu': 2.309, 'gpu': 0.102, 'CLOUD': 0.102}",284.122,284.224,286.622,287.872
295,TT2,92.0,URGENT,COMPLETED,gpu,284.295,"{'cpu': 2.312, 'gpu': 0.097, 'CLOUD': 0.097}",284.295,284.392,286.795,288.045
296,TT2,175.0,URGENT,COMPLETED,gpu,285.284,"{'cpu': 2.313, 'gpu': 0.092, 'CLOUD': 0.092}",285.284,285.376,287.784,289.034
297,TT2,79.0,URGENT,COMPLETED,gpu,286.567,"{'cpu': 2.288, 'gpu': 0.113, 'CLOUD': 0.113}",286.567,286.68,289.067,290.317
298,TT2,239.0,URGENT,COMPLETED,gpu,290.554,"{'cpu': 2.29, 'gpu': 0.098, 'CLOUD': 0.098}",290.554,290.652,293.054,294.304
299,TT2,365.0,URGENT,COMPLETED,gpu,294.359,"{'cpu': 2.303, 'gpu': 0.108, 'CLOUD': 0.108}",294.359,294.467,296.859,298.109
300,TT1,6.0,BESTEFFORT,COMPLETED,gpu,294.577,"{'cpu': 1.454, 'gpu': 0.997, 'CLOUD': 0.997}",294.577,295.574,297.577,299.077
301,TT1,169.0,BESTEFFORT,COMPLETED,cpu,294.807,"{'cpu': 1.46, 'gpu': 0.969, 'CLOUD': 0.969}",294.807,296.267,297.807,299.307
302,TT1,7.0,BESTEFFORT,COMPLETED,gpu,294.89,"{'cpu': 1.466, 'gpu': 0.955, 'CLOUD': 0.955}",295.574,296.529,297.89,299.39
303,TT1,95.0,BESTEFFORT,COMPLETED,cpu,295.041,"{'cpu': 1.462, 'gpu': 0.979, 'CLOUD': 0.979}",296.267,297.729,298.041,299.541
304,TT1,146.0,BESTEFFORT,COMPLETED,gpu,295.085,"{'cpu': 1.462, 'gpu': 0.958, 'CLOUD': 0.958}",296.529,297.487,298.085,299.585
305,TT1,10.0,BESTEFFORT,XCOMPLETED,cpu,295.262,"{'cpu': 1.463, 'gpu': 0.965, 'CLOUD': 0.965}",297.729,299.192,298.262,299.762
306,TT3,153.7,BESTEFFORT,COMPLETED,gpu,295.603,"{'cpu': 5.508, 'gpu': 1.492, 'CLOUD': 1.492}",297.487,298.97900000000004,304.603,309.103
307,TT3,94.8,BESTEFFORT,XCOMPLETED,cpu,295.769,"{'cpu': 5.508, 'gpu': 1.5, 'CLOUD': 1.5}",300.794,306.30199999999996,304.769,309.269
308,TT3,53.0,BESTEFFORT,COMPLETED,gpu,295.781,"{'cpu': 5.494, 'gpu': 1.497, 'CLOUD': 1.497}",298.97900000000004,300.47600000000006,304.781,309.281
309,TT3,263.0,BESTEFFORT,XCOMPLETED,gpu,295.818,"{'cpu': 5.519, 'gpu': 1.498, 'CLOUD': 1.498}",306.4450000000001,307.9430000000001,304.818,309.318
310,TT1,95.0,BESTEFFORT,MISSED,cpu,295.885,"{'cpu': 1.464, 'gpu': 0.966, 'CLOUD': 0.966}",299.192,inf,298.885,300.385
311,TT3,117.9,BESTEFFORT,COMPLETED,gpu,295.956,"{'cpu': 5.5, 'gpu': 1.482, 'CLOUD': 1.482}",300.47600000000006,301.9580000000001,304.956,309.456
312,TT1,6.0,BESTEFFORT,MISSED,cpu,296.042,"{'cpu': 1.455, 'gpu': 0.985, 'CLOUD': 0.985}",300.385,inf,299.042,300.542
313,TT1,387.0,BESTEFFORT,MISSED,cpu,296.046,"{'cpu': 1.435, 'gpu': 0.977, 'CLOUD': 0.977}",300.542,inf,299.046,300.546
314,TT1,498.0,BESTEFFORT,MISSED,gpu,296.153,"{'cpu': 1.457, 'gpu': 0.962, 'CLOUD': 0.962}",301.9580000000001,inf,299.153,300.653
315,TT1,447.0,BESTEFFORT,MISSED,cpu,296.256,"{'cpu': 1.453, 'gpu': 0.95, 'CLOUD': 0.95}",300.546,inf,299.256,300.756
316,TT1,90.0,BESTEFFORT,MISSED,cpu,296.271,"{'cpu': 1.463, 'gpu': 0.958, 'CLOUD': 0.958}",300.756,inf,299.271,300.771
317,TT1,169.0,BESTEFFORT,MISSED,cpu,296.294,"{'cpu': 1.459, 'gpu': 0.963, 'CLOUD': 0.963}",300.771,inf,299.294,300.794
318,TT3,323.5,BESTEFFORT,COMPLETED,gpu,296.313,"{'cpu': 5.508, 'gpu': 1.495, 'CLOUD': 1.495}",301.9580000000001,303.4530000000001,305.313,309.813
319,TT1,10.0,BESTEFFORT,MISSED,cpu,296.335,"{'cpu': 1.465, 'gpu': 0.961, 'CLOUD': 0.961}",306.30199999999996,inf,299.335,300.835
320,TT1,447.0,BESTEFFORT,MISSED,gpu,296.603,"{'cpu': 1.466, 'gpu': 0.969, 'CLOUD': 0.969}",301.9580000000001,inf,299.603,301.103
321,TT1,44.0,BESTEFFORT,MISSED,gpu,296.643,"{'cpu': 1.454, 'gpu': 0.969, 'CLOUD': 0.969}",301.9580000000001,inf,299.643,301.143
322,TT1,120.0,BESTEFFORT,MISSED,gpu,296.654,"{'cpu': 1.444, 'gpu': 0.984, 'CLOUD': 0.984}",301.9580000000001,inf,299.654,301.154
323,TT1,169.0,BESTEFFORT,MISSED,gpu,296.716,"{'cpu': 1.455, 'gpu': 0.968, 'CLOUD': 0.968}",301.9580000000001,inf,299.716,301.216
324,TT3,115.9,BESTEFFORT,COMPLETED,gpu,296.717,"{'cpu': 5.508, 'gpu': 1.495, 'CLOUD': 1.495}",303.4530000000001,304.9480000000001,305.717,310.217
325,TT1,90.0,BESTEFFORT,MISSED,gpu,296.759,"{'cpu': 1.451, 'gpu': 0.976, 'CLOUD': 0.976}",303.4530000000001,inf,299.759,301.259
326,TT1,559.0,BESTEFFORT,MISSED,gpu,296.857,"{'cpu': 1.455, 'gpu': 0.969, 'CLOUD': 0.969}",303.4530000000001,inf,299.857,301.357
327,TT3,426.5,BESTEFFORT,MISSED,cpu,296.886,"{'cpu': 5.498, 'gpu': 1.511, 'CLOUD': 1.511}",306.30199999999996,inf,305.886,310.386
328,TT3,79.9,BESTEFFORT,XCOMPLETED,gpu,297.179,"{'cpu': 5.504, 'gpu': 1.497, 'CLOUD': 1.497}",304.9480000000001,306.4450000000001,306.179,310.679
329,TT3,229.9,BESTEFFORT,MISSED,gpu,297.192,"{'cpu': 5.492, 'gpu': 1.507, 'CLOUD': 1.507}",309.4440000000001,inf,306.192,310.692
330,TT1,512.0,BESTEFFORT,MISSED,cpu,297.286,"{'cpu': 1.463, 'gpu': 0.958, 'CLOUD': 0.958}",306.30199999999996,inf,300.286,301.786
331,TT1,559.0,BESTEFFORT,MISSED,cpu,297.411,"{'cpu': 1.453, 'gpu': 0.98, 'CLOUD': 0.98}",306.30199999999996,inf,300.411,301.911
332,TT1,10.0,BESTEFFORT,MISSED,cpu,297.416,"{'cpu': 1.467, 'gpu': 0.968, 'CLOUD': 0.968}",306.30199999999996,inf,300.416,301.916
333,TT1,103.0,BESTEFFORT,MISSED,cpu,297.51,"{'cpu': 1.46, 'gpu': 0.966, 'CLOUD': 0.966}",306.30199999999996,inf,300.51,302.01
334,TT1,90.0,BESTEFFORT,MISSED,cpu,297.68,"{'cpu': 1.445, 'gpu': 0.975, 'CLOUD': 0.975}",306.30199999999996,inf,300.68,302.18
335,TT1,6.0,BESTEFFORT,MISSED,cpu,297.711,"{'cpu': 1.469, 'gpu': 0.969, 'CLOUD': 0.969}",306.30199999999996,inf,300.711,302.211
336,TT3,212.6,BESTEFFORT,MISSED,cpu,297.782,"{'cpu': 5.511, 'gpu': 1.514, 'CLOUD': 1.514}",310.386,inf,306.782,311.282
337,TT1,387.0,BESTEFFORT,MISSED,cpu,297.807,"{'cpu': 1.451, 'gpu': 0.964, 'CLOUD': 0.964}",310.386,inf,300.807,302.307
338,TT1,90.0,BESTEFFORT,MISSED,gpu,297.883,"{'cpu': 1.459, 'gpu': 0.987, 'CLOUD': 0.987}",307.9430000000001,inf,300.883,302.383
339,TT1,120.0,BESTEFFORT,MISSED,gpu,297.898,"{'cpu': 1.452, 'gpu': 0.969, 'CLOUD': 0.969}",307.9430000000001,inf,300.898,302.398
340,TT1,146.0,BESTEFFORT,MISSED,gpu,297.958,"{'cpu': 1.461, 'gpu': 0.959, 'CLOUD': 0.959}",307.9430000000001,inf,300.958,302.458
341,TT1,13.0,BESTEFFORT,MISSED,gpu,297.966,"{'cpu': 1.454, 'gpu': 0.962, 'CLOUD': 0.962}",307.9430000000001,inf,300.966,302.466
342,TT3,596.6,BESTEFFORT,XCOMPLETED,gpu,298.06,"{'cpu': 5.51, 'gpu': 1.501, 'CLOUD': 1.501}",307.9430000000001,309.4440000000001,307.06,311.56
343,TT1,512.0,BESTEFFORT,MISSED,gpu,298.255,"{'cpu': 1.467, 'gpu': 0.984, 'CLOUD': 0.984}",309.4440000000001,inf,301.255,302.755
344,TT1,169.0,BESTEFFORT,MISSED,gpu,298.323,"{'cpu': 1.467, 'gpu': 0.971, 'CLOUD': 0.971}",309.4440000000001,inf,301.323,302.823
345,TT1,6.0,BESTEFFORT,MISSED,gpu,298.364,"{'cpu': 1.458, 'gpu': 0.982, 'CLOUD': 0.982}",309.4440000000001,inf,301.364,302.864
346,TT3,236.3,BESTEFFORT,MISSED,gpu,298.534,"{'cpu': 5.49, 'gpu': 1.497, 'CLOUD': 1.497}",310.692,inf,307.534,312.034
347,TT1,379.0,BESTEFFORT,MISSED,gpu,298.587,"{'cpu': 1.454, 'gpu': 0.945, 'CLOUD': 0.945}",310.692,inf,301.587,303.087
348,TT1,169.0,BESTEFFORT,MISSED,cpu,298.649,"{'cpu': 1.457, 'gpu': 0.972, 'CLOUD': 0.972}",310.386,inf,301.649,303.149
349,TT3,207.1,BESTEFFORT,MISSED,cpu,298.792,"{'cpu': 5.492, 'gpu': 1.497, 'CLOUD': 1.497}",311.282,inf,307.792,312.292
350,TT1,28.0,BESTEFFORT,MISSED,cpu,298.849,"{'cpu': 1.452, 'gpu': 0.983, 'CLOUD': 0.983}",311.282,inf,301.849,303.349
351,TT3,635.4,BESTEFFORT,MISSED,gpu,298.852,"{'cpu': 5.506, 'gpu': 1.501, 'CLOUD': 1.501}",312.034,inf,307.852,312.352
352,TT1,157.0,BESTEFFORT,MISSED,gpu,298.876,"{'cpu': 1.471, 'gpu': 0.968, 'CLOUD': 0.968}",312.034,inf,301.876,303.376
353,TT3,441.6,BESTEFFORT,MISSED,cpu,298.882,"{'cpu': 5.511, 'gpu': 1.513, 'CLOUD': 1.513}",312.292,inf,307.882,312.382
354,TT1,59.0,BESTEFFORT,MISSED,cpu,298.896,"{'cpu': 1.446, 'gpu': 0.96, 'CLOUD': 0.96}",312.292,inf,301.896,303.396
355,TT1,7.0,BESTEFFORT,MISSED,gpu,298.945,"{'cpu': 1.467, 'gpu': 0.979, 'CLOUD': 0.979}",312.034,inf,301.945,303.445
356,TT1,146.0,BESTEFFORT,MISSED,gpu,299.002,"{'cpu': 1.465, 'gpu': 0.959, 'CLOUD': 0.959}",312.034,inf,302.002,303.502
357,TT1,379.0,BESTEFFORT,MISSED,gpu,299.047,"{'cpu': 1.458, 'gpu': 0.972, 'CLOUD': 0.972}",312.034,inf,302.047,303.547
358,TT1,59.0,BESTEFFORT,MISSED,gpu,299.111,"{'cpu': 1.458, 'gpu': 0.967, 'CLOUD': 0.967}",312.034,inf,302.111,303.611
359,TT3,407.0,BESTEFFORT,MISSED,gpu,299.178,"{'cpu': 5.492, 'gpu': 1.496, 'CLOUD': 1.496}",312.352,inf,308.178,312.678
360,TT2,168.0,URGENT,MISSED,gpu,299.23,"{'cpu': 2.291, 'gpu': 0.101, 'CLOUD': 0.101}",312.352,inf,301.73,302.98
361,TT3,151.0,BESTEFFORT,MISSED,cpu,299.232,"{'cpu': 5.496, 'gpu': 1.504, 'CLOUD': 1.504}",312.525,inf,308.232,312.732
362,TT1,90.0,BESTEFFORT,MISSED,cpu,299.283,"{'cpu': 1.452, 'gpu': 0.981, 'CLOUD': 0.981}",312.382,inf,302.283,303.783
363,TT1,169.0,BESTEFFORT,MISSED,gpu,299.324,"{'cpu': 1.458, 'gpu': 0.968, 'CLOUD': 0.968}",312.352,inf,302.324,303.824
364,TT1,7.0,BESTEFFORT,MISSED,gpu,299.331,"{'cpu': 1.481, 'gpu': 0.976, 'CLOUD': 0.976}",312.352,inf,302.331,303.831
365,TT1,28.0,BESTEFFORT,MISSED,gpu,299.341,"{'cpu': 1.444, 'gpu': 0.975, 'CLOUD': 0.975}",312.352,inf,302.341,303.841
366,TT1,559.0,BESTEFFORT,MISSED,gpu,299.425,"{'cpu': 1.44, 'gpu': 0.98, 'CLOUD': 0.98}",312.352,inf,302.425,303.925
367,TT1,498.0,BESTEFFORT,MISSED,gpu,299.45,"{'cpu': 1.456, 'gpu': 0.981, 'CLOUD': 0.981}",312.352,inf,302.45,303.95
368,TT1,126.0,BESTEFFORT,MISSED,gpu,299.475,"{'cpu': 1.457, 'gpu': 0.96, 'CLOUD': 0.96}",312.352,inf,302.475,303.975
369,TT3,147.6,BESTEFFORT,MISSED,cpu,299.508,"{'cpu': 5.505, 'gpu': 1.509, 'CLOUD': 1.509}",312.732,inf,308.508,313.008
370,TT1,146.0,BESTEFFORT,MISSED,gpu,299.529,"{'cpu': 1.453, 'gpu': 0.974, 'CLOUD': 0.974}",312.678,inf,302.529,304.029
371,TT1,6.0,BESTEFFORT,MISSED,cpu,299.55,"{'cpu': 1.479, 'gpu': 0.963, 'CLOUD': 0.963}",312.382,inf,302.55,304.05
372,TT1,512.0,BESTEFFORT,MISSED,cpu,299.565,"{'cpu': 1.453, 'gpu': 0.961, 'CLOUD': 0.961}",312.382,inf,302.565,304.065
373,TT1,7.0,BESTEFFORT,MISSED,cpu,299.575,"{'cpu': 1.462, 'gpu': 0.978, 'CLOUD': 0.978}",312.382,inf,302.575,304.075
374,TT1,387.0,BESTEFFORT,MISSED,cpu,299.855,"{'cpu': 1.465, 'gpu': 0.98, 'CLOUD': 0.98}",312.382,inf,302.855,304.355
375,TT1,146.0,BESTEFFORT,MISSED,cpu,300.06,"{'cpu': 1.459, 'gpu': 0.978, 'CLOUD': 0.978}",312.382,inf,303.06,304.56
376,TT1,498.0,BESTEFFORT,MISSED,cpu,300.064,"{'cpu': 1.456, 'gpu': 0.967, 'CLOUD': 0.967}",312.382,inf,303.064,304.564
377,TT1,146.0,BESTEFFORT,MISSED,cpu,300.168,"{'cpu': 1.467, 'gpu': 0.947, 'CLOUD': 0.947}",312.382,inf,303.168,304.668
378,TT1,120.0,BESTEFFORT,MISSED,cpu,300.518,"{'cpu': 1.463, 'gpu': 0.986, 'CLOUD': 0.986}",312.382,inf,303.518,305.018
379,TT1,7.0,BESTEFFORT,MISSED,cpu,300.65,"{'cpu': 1.448, 'gpu': 0.959, 'CLOUD': 0.959}",312.382,inf,303.65,305.15
380,TT2,88.0,URGENT,MISSED,cpu,301.573,"{'cpu': 2.298, 'gpu': 0.101, 'CLOUD': 0.101}",312.382,inf,304.073,305.323
381,TT2,228.0,URGENT,MISSED,cpu,303.116,"{'cpu': 2.321, 'gpu': 0.09, 'CLOUD': 0.09}",312.382,inf,305.616,306.866
382,TT2,157.0,URGENT,MISSED,cpu,303.482,"{'cpu': 2.303, 'gpu': 0.1, 'CLOUD': 0.1}",312.382,inf,305.982,307.232
383,TT2,120.0,URGENT,MISSED,cpu,303.861,"{'cpu': 2.291, 'gpu': 0.099, 'CLOUD': 0.099}",312.382,inf,306.361,307.611
384,TT2,124.0,URGENT,MISSED,cpu,306.868,"{'cpu': 2.287, 'gpu': 0.099, 'CLOUD': 0.099}",312.382,inf,309.368,310.618
385,TT2,134.0,URGENT,MISSED,cpu,308.325,"{'cpu': 2.31, 'gpu': 0.097, 'CLOUD': 0.097}",312.382,inf,310.825,312.075
386,TT2,141.0,URGENT,MISSED,cpu,310.025,"{'cpu': 2.306, 'gpu': 0.098, 'CLOUD': 0.098}",312.382,inf,312.525,313.775
387,TT2,142.0,URGENT,COMPLETED,gpu,310.671,"{'cpu': 2.298, 'gpu': 0.096, 'CLOUD': 0.096}",312.773,312.869,313.171,314.421
388,TT2,145.0,URGENT,COMPLETED,gpu,311.859,"{'cpu': 2.303, 'gpu': 0.095, 'CLOUD': 0.095}",312.678,312.773,314.359,315.609
389,TT2,178.0,URGENT,COMPLETED,gpu,315.491,"{'cpu': 2.302, 'gpu': 0.1, 'CLOUD': 0.1}",315.491,315.591,317.991,319.241
390,TT2,112.0,URGENT,COMPLETED,gpu,315.884,"{'cpu': 2.309, 'gpu': 0.092, 'CLOUD': 0.092}",315.884,315.976,318.384,319.634
391,TT2,184.0,URGENT,COMPLETED,gpu,316.213,"{'cpu': 2.309, 'gpu': 0.095, 'CLOUD': 0.095}",316.213,316.30800000000005,318.713,319.963
392,TT2,144.0,URGENT,COMPLETED,gpu,316.567,"{'cpu': 2.293, 'gpu': 0.098, 'CLOUD': 0.098}",316.567,316.665,319.067,320.317
393,TT2,196.0,URGENT,COMPLETED,gpu,317.29,"{'cpu': 2.308, 'gpu': 0.104, 'CLOUD': 0.104}",317.29,317.394,319.79,321.04
394,TT2,111.0,URGENT,COMPLETED,gpu,318.292,"{'cpu': 2.302, 'gpu': 0.108, 'CLOUD': 0.108}",318.292,318.4,320.792,322.042
395,TT2,91.0,URGENT,COMPLETED,gpu,318.336,"{'cpu': 2.289, 'gpu': 0.101, 'CLOUD': 0.101}",318.4,318.501,320.836,322.086
396,TT2,158.0,URGENT,COMPLETED,gpu,324.346,"{'cpu': 2.303, 'gpu': 0.103, 'CLOUD': 0.103}",324.346,324.449,326.846,328.096
397,TT2,105.0,URGENT,COMPLETED,gpu,324.513,"{'cpu': 2.304, 'gpu': 0.101, 'CLOUD': 0.101}",324.513,324.614,327.013,328.263
398,TT2,153.0,URGENT,COMPLETED,gpu,326.001,"{'cpu': 2.303, 'gpu': 0.106, 'CLOUD': 0.106}",326.001,326.10699999999997,328.501,329.751
399,TT2,49.0,URGENT,COMPLETED,gpu,326.16,"{'cpu': 2.292, 'gpu': 0.101, 'CLOUD': 0.101}",326.16,326.261,328.66,329.91
400,TT2,207.0,URGENT,COMPLETED,gpu,329.32,"{'cpu': 2.31, 'gpu': 0.104, 'CLOUD': 0.104}",329.32,329.424,331.82,333.07
401,TT2,109.0,URGENT,COMPLETED,gpu,329.671,"{'cpu': 2.3, 'gpu': 0.096, 'CLOUD': 0.096}",329.671,329.767,332.171,333.421
402,TT2,127.0,URGENT,COMPLETED,gpu,331.277,"{'cpu': 2.286, 'gpu': 0.096, 'CLOUD': 0.096}",331.277,331.373,333.777,335.027
403,TT2,317.0,URGENT,COMPLETED,gpu,332.316,"{'cpu': 2.29, 'gpu': 0.105, 'CLOUD': 0.105}",332.316,332.421,334.816,336.066
404,TT1,7.0,BESTEFFORT,COMPLETED,gpu,332.415,"{'cpu': 1.457, 'gpu': 0.98, 'CLOUD': 0.98}",332.421,333.401,335.415,336.915
405,TT1,169.0,BESTEFFORT,COMPLETED,cpu,332.564,"{'cpu': 1.477, 'gpu': 0.97, 'CLOUD': 0.97}",332.564,334.041,335.564,337.064
406,TT2,208.0,URGENT,COMPLETED,gpu,332.874,"{'cpu': 2.298, 'gpu': 0.095, 'CLOUD': 0.095}",333.401,333.49600000000004,335.374,336.624
407,TT2,191.0,URGENT,MISSED,cpu,332.949,"{'cpu': 2.293, 'gpu': 0.099, 'CLOUD': 0.099}",334.041,inf,335.449,336.699
408,TT1,103.0,BESTEFFORT,COMPLETED,gpu,333.942,"{'cpu': 1.46, 'gpu': 0.967, 'CLOUD': 0.967}",333.942,334.909,336.942,338.442
409,TT2,124.0,URGENT,COMPLETED,gpu,333.992,"{'cpu': 2.295, 'gpu': 0.104, 'CLOUD': 0.104}",334.909,335.013,336.492,337.742
410,TT1,6.0,BESTEFFORT,COMPLETED,cpu,334.322,"{'cpu': 1.459, 'gpu': 0.963, 'CLOUD': 0.963}",335.449,336.908,337.322,338.822
411,TT1,90.0,BESTEFFORT,COMPLETED,gpu,334.657,"{'cpu': 1.471, 'gpu': 0.982, 'CLOUD': 0.982}",335.013,335.995,337.657,339.157
412,TT2,176.0,URGENT,COMPLETED,gpu,334.986,"{'cpu': 2.312, 'gpu': 0.107, 'CLOUD': 0.107}",335.995,336.10200000000003,337.486,338.736
413,TT2,191.0,URGENT,COMPLETED,gpu,343.38,"{'cpu': 2.292, 'gpu': 0.108, 'CLOUD': 0.108}",343.38,343.488,345.88,347.13
414,TT2,205.0,URGENT,COMPLETED,gpu,344.065,"{'cpu': 2.302, 'gpu': 0.092, 'CLOUD': 0.092}",344.065,344.157,346.565,347.815
415,TT2,121.0,URGENT,COMPLETED,gpu,344.878,"{'cpu': 2.29, 'gpu': 0.101, 'CLOUD': 0.101}",344.878,344.979,347.378,348.628
416,TT2,198.0,URGENT,COMPLETED,gpu,352.85,"{'cpu': 2.299, 'gpu': 0.09, 'CLOUD': 0.09}",352.85,352.94,355.35,356.6
417,TT2,136.0,URGENT,COMPLETED,gpu,354.156,"{'cpu': 2.314, 'gpu': 0.105, 'CLOUD': 0.105}",354.156,354.261,356.656,357.906
418,TT2,274.0,URGENT,COMPLETED,gpu,355.389,"{'cpu': 2.284, 'gpu': 0.096, 'CLOUD': 0.096}",355.389,355.485,357.889,359.139
419,TT2,189.0,URGENT,COMPLETED,gpu,358.272,"{'cpu': 2.298, 'gpu': 0.102, 'CLOUD': 0.102}",358.272,358.37399999999997,360.772,362.022
420,TT2,143.0,URGENT,COMPLETED,gpu,359.244,"{'cpu': 2.312, 'gpu': 0.101, 'CLOUD': 0.101}",359.244,359.345,361.744,362.994
421,TT2,130.0,URGENT,COMPLETED,gpu,359.564,"{'cpu': 2.288, 'gpu': 0.103, 'CLOUD': 0.103}",359.564,359.66700000000003,362.064,363.314
422,TT2,65.0,URGENT,COMPLETED,gpu,362.241,"{'cpu': 2.303, 'gpu': 0.104, 'CLOUD': 0.104}",362.241,362.34499999999997,364.741,365.991
423,TT2,206.0,URGENT,COMPLETED,gpu,362.349,"{'cpu': 2.303, 'gpu': 0.099, 'CLOUD': 0.099}",362.349,362.448,364.849,366.099
424,TT2,204.0,URGENT,COMPLETED,gpu,366.9,"{'cpu': 2.298, 'gpu': 0.099, 'CLOUD': 0.099}",366.9,366.99899999999997,369.4,370.65
425,TT2,253.0,URGENT,COMPLETED,gpu,367.292,"{'cpu': 2.304, 'gpu': 0.106, 'CLOUD': 0.106}",367.292,367.39799999999997,369.792,371.042
426,TT2,37.0,URGENT,COMPLETED,gpu,367.407,"{'cpu': 2.304, 'gpu': 0.104, 'CLOUD': 0.104}",367.407,367.51099999999997,369.907,371.157
427,TT2,290.0,URGENT,COMPLETED,gpu,370.888,"{'cpu': 2.306, 'gpu': 0.096, 'CLOUD': 0.096}",370.888,370.984,373.388,374.638
428,TT2,77.0,URGENT,COMPLETED,gpu,376.943,"{'cpu': 2.303, 'gpu': 0.1, 'CLOUD': 0.1}",376.943,377.043,379.443,380.693
429,TT2,167.0,URGENT,COMPLETED,gpu,378.149,"{'cpu': 2.31, 'gpu': 0.101, 'CLOUD': 0.101}",378.149,378.25,380.649,381.899
430,TT2,70.0,URGENT,COMPLETED,gpu,380.9,"{'cpu': 2.298, 'gpu': 0.1, 'CLOUD': 0.1}",380.9,381.0,383.4,384.65
431,TT2,113.0,URGENT,COMPLETED,gpu,382.511,"{'cpu': 2.302, 'gpu': 0.108, 'CLOUD': 0.108}",382.511,382.619,385.011,386.261
432,TT2,103.0,URGENT,COMPLETED,gpu,385.159,"{'cpu': 2.309, 'gpu': 0.093, 'CLOUD': 0.093}",385.159,385.252,387.659,388.909
433,TT2,108.0,URGENT,COMPLETED,gpu,385.525,"{'cpu': 2.309, 'gpu': 0.106, 'CLOUD': 0.106}",385.525,385.631,388.025,389.275
434,TT2,177.0,URGENT,COMPLETED,gpu,386.195,"{'cpu': 2.29, 'gpu': 0.11, 'CLOUD': 0.11}",386.195,386.305,388.695,389.945
435,TT2,136.0,URGENT,COMPLETED,gpu,387.782,"{'cpu': 2.291, 'gpu': 0.097, 'CLOUD': 0.097}",387.782,387.87899999999996,390.282,391.532
436,TT2,261.0,URGENT,COMPLETED,gpu,390.103,"{'cpu': 2.307, 'gpu': 0.097, 'CLOUD': 0.097}",390.103,390.2,392.603,393.853
437,TT2,279.0,URGENT,COMPLETED,gpu,393.01,"{'cpu': 2.303, 'gpu': 0.097, 'CLOUD': 0.097}",393.01,393.10699999999997,395.51,396.76
438,TT2,185.0,URGENT,COMPLETED,gpu,397.869,"{'cpu': 2.309, 'gpu': 0.095, 'CLOUD': 0.095}",397.869,397.96400000000006,400.369,401.619
439,TT2,85.0,URGENT,COMPLETED,gpu,399.782,"{'cpu': 2.289, 'gpu': 0.102, 'CLOUD': 0.102}",399.782,399.88399999999996,402.282,403.532
440,TT2,177.0,URGENT,COMPLETED,gpu,400.266,"{'cpu': 2.306, 'gpu': 0.099, 'CLOUD': 0.099}",400.266,400.365,402.766,404.016
441,TT2,74.0,URGENT,COMPLETED,gpu,403.687,"{'cpu': 2.324, 'gpu': 0.092, 'CLOUD': 0.092}",403.687,403.779,406.187,407.437
442,TT1,28.0,BESTEFFORT,COMPLETED,gpu,404.767,"{'cpu': 1.46, 'gpu': 0.973, 'CLOUD': 0.973}",404.767,405.74,407.767,409.267
443,TT2,206.0,URGENT,COMPLETED,gpu,405.547,"{'cpu': 2.31, 'gpu': 0.095, 'CLOUD': 0.095}",405.74,405.83500000000004,408.047,409.297
444,TT1,90.0,BESTEFFORT,COMPLETED,cpu,405.682,"{'cpu': 1.478, 'gpu': 0.978, 'CLOUD': 0.978}",405.682,407.16,408.682,410.182
445,TT2,77.0,URGENT,COMPLETED,gpu,409.466,"{'cpu': 2.303, 'gpu': 0.1, 'CLOUD': 0.1}",409.466,409.56600000000003,411.966,413.216
446,TT2,223.0,URGENT,COMPLETED,gpu,412.93,"{'cpu': 2.306, 'gpu': 0.097, 'CLOUD': 0.097}",412.93,413.027,415.43,416.68
447,TT2,237.0,URGENT,COMPLETED,gpu,413.971,"{'cpu': 2.311, 'gpu': 0.094, 'CLOUD': 0.094}",413.971,414.065,416.471,417.721
448,TT2,180.0,URGENT,COMPLETED,gpu,415.097,"{'cpu': 2.296, 'gpu': 0.092, 'CLOUD': 0.092}",415.097,415.18899999999996,417.597,418.847
449,TT2,279.0,URGENT,COMPLETED,gpu,415.186,"{'cpu': 2.298, 'gpu': 0.1, 'CLOUD': 0.1}",415.18899999999996,415.289,417.686,418.936
450,TT2,85.0,URGENT,COMPLETED,gpu,420.492,"{'cpu': 2.309, 'gpu': 0.102, 'CLOUD': 0.102}",420.492,420.594,422.992,424.242
451,TT2,142.0,URGENT,COMPLETED,gpu,421.913,"{'cpu': 2.302, 'gpu': 0.097, 'CLOUD': 0.097}",421.913,422.01,424.413,425.663
452,TT2,118.0,URGENT,COMPLETED,gpu,424.09,"{'cpu': 2.313, 'gpu': 0.111, 'CLOUD': 0.111}",424.09,424.20099999999996,426.59,427.84
453,TT2,127.0,URGENT,COMPLETED,gpu,434.332,"{'cpu': 2.3, 'gpu': 0.105, 'CLOUD': 0.105}",434.332,434.437,436.832,438.082
454,TT2,222.0,URGENT,COMPLETED,gpu,434.702,"{'cpu': 2.298, 'gpu': 0.1, 'CLOUD': 0.1}",434.702,434.802,437.202,438.452
455,TT2,79.0,URGENT,COMPLETED,gpu,434.819,"{'cpu': 2.298, 'gpu': 0.103, 'CLOUD': 0.103}",434.819,434.922,437.319,438.569
456,TT2,116.0,URGENT,COMPLETED,gpu,439.178,"{'cpu': 2.3, 'gpu': 0.109, 'CLOUD': 0.109}",439.178,439.287,441.678,442.928
457,TT2,112.0,URGENT,COMPLETED,gpu,441.963,"{'cpu': 2.298, 'gpu': 0.092, 'CLOUD': 0.092}",441.963,442.055,444.463,445.713
458,TT2,90.0,URGENT,COMPLETED,gpu,442.968,"{'cpu': 2.301, 'gpu': 0.102, 'CLOUD': 0.102}",442.968,443.07,445.468,446.718
459,TT2,73.0,URGENT,COMPLETED,gpu,443.1,"{'cpu': 2.309, 'gpu': 0.091, 'CLOUD': 0.091}",443.1,443.19100000000003,445.6,446.85
460,TT2,189.0,URGENT,COMPLETED,gpu,443.585,"{'cpu': 2.298, 'gpu': 0.104, 'CLOUD': 0.104}",443.585,443.68899999999996,446.085,447.335
461,TT2,93.0,URGENT,COMPLETED,gpu,444.67,"{'cpu': 2.302, 'gpu': 0.104, 'CLOUD': 0.104}",444.67,444.774,447.17,448.42
462,TT2,119.0,URGENT,COMPLETED,gpu,448.372,"{'cpu': 2.292, 'gpu': 0.105, 'CLOUD': 0.105}",448.372,448.47700000000003,450.872,452.122
463,TT2,53.0,URGENT,COMPLETED,gpu,452.588,"{'cpu': 2.304, 'gpu': 0.1, 'CLOUD': 0.1}",452.588,452.68800000000005,455.088,456.338
464,TT2,33.0,URGENT,COMPLETED,gpu,456.755,"{'cpu': 2.291, 'gpu': 0.101, 'CLOUD': 0.101}",456.755,456.856,459.255,460.505
465,TT2,198.0,URGENT,COMPLETED,gpu,456.823,"{'cpu': 2.311, 'gpu': 0.092, 'CLOUD': 0.092}",456.856,456.948,459.323,460.573
466,TT2,154.0,URGENT,COMPLETED,gpu,457.202,"{'cpu': 2.291, 'gpu': 0.099, 'CLOUD': 0.099}",457.202,457.301,459.702,460.952
467,TT2,138.0,URGENT,COMPLETED,gpu,459.398,"{'cpu': 2.331, 'gpu': 0.102, 'CLOUD': 0.102}",459.398,459.5,461.898,463.148
468,TT2,113.0,URGENT,COMPLETED,gpu,460.467,"{'cpu': 2.306, 'gpu': 0.11, 'CLOUD': 0.11}",460.467,460.577,462.967,464.217
469,TT2,110.0,URGENT,COMPLETED,gpu,461.287,"{'cpu': 2.322, 'gpu': 0.097, 'CLOUD': 0.097}",461.287,461.38399999999996,463.787,465.037
470,TT2,127.0,URGENT,COMPLETED,gpu,462.527,"{'cpu': 2.308, 'gpu': 0.101, 'CLOUD': 0.101}",462.527,462.628,465.027,466.277
471,TT2,104.0,URGENT,COMPLETED,gpu,463.364,"{'cpu': 2.291, 'gpu': 0.102, 'CLOUD': 0.102}",463.364,463.46599999999995,465.864,467.114
472,TT2,177.0,URGENT,COMPLETED,gpu,464.039,"{'cpu': 2.29, 'gpu': 0.099, 'CLOUD': 0.099}",464.039,464.138,466.539,467.789
473,TT2,255.0,URGENT,COMPLETED,gpu,468.981,"{'cpu': 2.3, 'gpu': 0.097, 'CLOUD': 0.097}",468.981,469.078,471.481,472.731
474,TT2,217.0,URGENT,COMPLETED,gpu,469.585,"{'cpu': 2.291, 'gpu': 0.098, 'CLOUD': 0.098}",469.585,469.683,472.085,473.335
475,TT2,129.0,URGENT,COMPLETED,gpu,471.429,"{'cpu': 2.304, 'gpu': 0.102, 'CLOUD': 0.102}",471.429,471.53099999999995,473.929,475.179
476,TT2,130.0,URGENT,COMPLETED,gpu,471.918,"{'cpu': 2.296, 'gpu': 0.097, 'CLOUD': 0.097}",471.918,472.015,474.418,475.668
477,TT2,277.0,URGENT,COMPLETED,gpu,473.064,"{'cpu': 2.315, 'gpu': 0.104, 'CLOUD': 0.104}",473.064,473.168,475.564,476.814
478,TT2,341.0,URGENT,COMPLETED,gpu,475.797,"{'cpu': 2.303, 'gpu': 0.101, 'CLOUD': 0.101}",475.797,475.898,478.297,479.547
479,TT2,136.0,URGENT,COMPLETED,gpu,476.088,"{'cpu': 2.31, 'gpu': 0.092, 'CLOUD': 0.092}",476.088,476.18,478.588,479.838
480,TT2,173.0,URGENT,COMPLETED,gpu,476.197,"{'cpu': 2.298, 'gpu': 0.099, 'CLOUD': 0.099}",476.197,476.296,478.697,479.947
481,TT2,103.0,URGENT,COMPLETED,gpu,477.795,"{'cpu': 2.302, 'gpu': 0.088, 'CLOUD': 0.088}",477.795,477.88300000000004,480.295,481.545
482,TT2,266.0,URGENT,COMPLETED,gpu,479.526,"{'cpu': 2.304, 'gpu': 0.108, 'CLOUD': 0.108}",479.526,479.634,482.026,483.276
483,TT2,188.0,URGENT,COMPLETED,gpu,480.637,"{'cpu': 2.296, 'gpu': 0.1, 'CLOUD': 0.1}",480.637,480.737,483.137,484.387
484,TT2,43.0,URGENT,COMPLETED,gpu,483.546,"{'cpu': 2.297, 'gpu': 0.096, 'CLOUD': 0.096}",483.546,483.642,486.046,487.296
485,TT2,133.0,URGENT,COMPLETED,gpu,483.64,"{'cpu': 2.298, 'gpu': 0.102, 'CLOUD': 0.102}",483.642,483.74399999999997,486.14,487.39
486,TT2,127.0,URGENT,COMPLETED,gpu,483.656,"{'cpu': 2.309, 'gpu': 0.101, 'CLOUD': 0.101}",483.74399999999997,483.84499999999997,486.156,487.406
487,TT2,35.0,URGENT,COMPLETED,gpu,483.916,"{'cpu': 2.288, 'gpu': 0.098, 'CLOUD': 0.098}",483.916,484.014,486.416,487.666
488,TT2,120.0,URGENT,COMPLETED,gpu,484.88,"{'cpu': 2.313, 'gpu': 0.097, 'CLOUD': 0.097}",484.88,484.977,487.38,488.63
489,TT2,149.0,URGENT,COMPLETED,gpu,485.654,"{'cpu': 2.306, 'gpu': 0.095, 'CLOUD': 0.095}",485.654,485.749,488.154,489.404
490,TT2,298.0,URGENT,COMPLETED,gpu,487.943,"{'cpu': 2.299, 'gpu': 0.105, 'CLOUD': 0.105}",487.943,488.048,490.443,491.693
491,TT2,233.0,URGENT,COMPLETED,gpu,488.17,"{'cpu': 2.31, 'gpu': 0.102, 'CLOUD': 0.102}",488.17,488.272,490.67,491.92
492,TT2,57.0,URGENT,COMPLETED,gpu,488.498,"{'cpu': 2.303, 'gpu': 0.097, 'CLOUD': 0.097}",488.498,488.59499999999997,490.998,492.248
493,TT2,113.0,URGENT,COMPLETED,gpu,489.714,"{'cpu': 2.314, 'gpu': 0.092, 'CLOUD': 0.092}",489.714,489.806,492.214,493.464
494,TT2,76.0,URGENT,COMPLETED,gpu,494.59,"{'cpu': 2.29, 'gpu': 0.106, 'CLOUD': 0.106}",494.59,494.69599999999997,497.09,498.34
495,TT2,175.0,URGENT,COMPLETED,gpu,495.035,"{'cpu': 2.296, 'gpu': 0.095, 'CLOUD': 0.095}",495.035,495.13000000000005,497.535,498.785
496,TT2,132.0,URGENT,COMPLETED,gpu,496.652,"{'cpu': 2.303, 'gpu': 0.095, 'CLOUD': 0.095}",496.652,496.747,499.152,500.402
497,TT2,138.0,URGENT,COMPLETED,gpu,497.814,"{'cpu': 2.286, 'gpu': 0.104, 'CLOUD': 0.104}",497.814,497.918,500.314,501.564
498,TT2,176.0,URGENT,COMPLETED,gpu,498.264,"{'cpu': 2.302, 'gpu': 0.106, 'CLOUD': 0.106}",498.264,498.37,500.764,502.014
499,TT2,108.0,URGENT,COMPLETED,gpu,499.02,"{'cpu': 2.274, 'gpu': 0.092, 'CLOUD': 0.092}",499.02,499.11199999999997,501.52,502.77
500,TT2,171.0,URGENT,COMPLETED,gpu,499.236,"{'cpu': 2.303, 'gpu': 0.105, 'CLOUD': 0.105}",499.236,499.341,501.736,502.986
