id,type,size,urgency,status,assigned_machine,arrival_time,execution_time,start_time,completion_time,deadline,extended_deadline
1,TT1,498.0,BESTEFFORT,COMPLETED,,1.015,"{'cpu': 1.45, 'gpu': 0.969, 'CLOUD': 0.969}",1.015,1.9989999999999997,4.015,5.515
2,TT2,113.0,URGENT,COMPLETED,gpu,1.101,"{'cpu': 2.312, 'gpu': 0.106, 'CLOUD': 0.106}",1.101,1.207,3.601,4.851
3,TT2,126.0,URGENT,COMPLETED,cpu,1.104,"{'cpu': 2.284, 'gpu': 0.101, 'CLOUD': 0.101}",1.104,3.388,3.604,4.854
4,TT1,498.0,BESTEFFORT,XCOMPLETED,cpu,1.337,"{'cpu': 1.437, 'gpu': 0.965, 'CLOUD': 0.965}",3.388,4.825,4.337,5.837
5,TT2,103.0,URGENT,COMPLETED,,2.991,"{'cpu': 2.294, 'gpu': 0.092, 'CLOUD': 0.092}",2.991,3.0980000000000003,5.491,6.741
6,TT1,7.0,BESTEFFORT,COMPLETED,gpu,3.823,"{'cpu': 1.455, 'gpu': 0.967, 'CLOUD': 0.967}",3.823,4.79,6.823,8.323
7,TT2,198.0,URGENT,COMPLETED,gpu,5.135,"{'cpu': 2.309, 'gpu': 0.097, 'CLOUD': 0.097}",5.135,5.232,7.635,8.885
8,TT1,44.0,BESTEFFORT,COMPLETED,gpu,6.993,"{'cpu': 1.448, 'gpu': 0.987, 'CLOUD': 0.987}",7.118,8.105,9.993,11.493
9,TT2,128.0,URGENT,COMPLETED,,7.118,"{'cpu': 2.302, 'gpu': 0.101, 'CLOUD': 0.101}",7.312,7.428,9.618,10.868
10,TT2,142.0,URGENT,COMPLETED,,7.312,"{'cpu': 2.31, 'gpu': 0.097, 'CLOUD': 0.097}",7.428,7.54,9.812000000000001,11.062000000000001
11,TT1,214.0,BESTEFFORT,COMPLETED,gpu,7.864,"{'cpu': 1.462, 'gpu': 0.983, 'CLOUD': 0.983}",8.105,9.088000000000001,10.864,12.364
12,TT1,214.0,BESTEFFORT,COMPLETED,,9.568,"{'cpu': 1.451, 'gpu': 0.974, 'CLOUD': 0.974}",9.568,10.557,12.568,14.068
13,TT1,49.0,BESTEFFORT,COMPLETED,,10.285,"{'cpu': 1.456, 'gpu': 0.984, 'CLOUD': 0.984}",10.285,11.284,13.285,14.785
14,TT2,184.0,URGENT,CANCELLED,,12.401,"{'cpu': 2.314, 'gpu': 0.098, 'CLOUD': 0.098}",inf,inf,14.901,16.151
15,TT1,16.0,BESTEFFORT,MISSED,cpu,14.733,"{'cpu': 1.463, 'gpu': 0.982, 'CLOUD': 0.982}",19.298,inf,17.733,19.233
16,TT1,10.0,BESTEFFORT,MISSED,gpu,14.853,"{'cpu': 1.446, 'gpu': 0.968, 'CLOUD': 0.968}",20.281999999999996,inf,17.853,19.353
17,TT1,95.0,BESTEFFORT,XCOMPLETED,gpu,16.422,"{'cpu': 1.445, 'gpu': 0.984, 'CLOUD': 0.984}",19.298,20.281999999999996,19.422,20.922
18,TT2,185.0,URGENT,COMPLETED,gpu,19.298,"{'cpu': 2.312, 'gpu': 0.101, 'CLOUD': 0.101}",20.281999999999996,20.382999999999996,21.798,23.048
19,TT2,190.0,URGENT,COMPLETED,gpu,20.036,"{'cpu': 2.296, 'gpu': 0.099, 'CLOUD': 0.099}",20.382999999999996,20.481999999999996,22.536,23.786
20,TT2,121.0,URGENT,CANCELLED,,24.438,"{'cpu': 2.31, 'gpu': 0.1, 'CLOUD': 0.1}",inf,inf,26.938,28.188
21,TT2,147.0,URGENT,CANCELLED,,27.932,"{'cpu': 2.307, 'gpu': 0.096, 'CLOUD': 0.096}",inf,inf,30.432,31.682
22,TT1,146.0,BESTEFFORT,COMPLETED,,29.659,"{'cpu': 1.46, 'gpu': 0.986, 'CLOUD': 0.986}",29.659,30.66,32.659,34.159
23,TT2,225.0,URGENT,COMPLETED,,30.717,"{'cpu': 2.305, 'gpu': 0.103, 'CLOUD': 0.103}",30.717,30.835,33.217,34.467
24,TT1,59.0,BESTEFFORT,COMPLETED,,34.451,"{'cpu': 1.446, 'gpu': 0.982, 'CLOUD': 0.982}",34.451,35.448,37.451,38.951
25,TT1,7.0,BESTEFFORT,CANCELLED,,34.766,"{'cpu': 1.446, 'gpu': 0.979, 'CLOUD': 0.979}",inf,inf,37.766,39.266
26,TT1,10.0,BESTEFFORT,COMPLETED,gpu,37.915,"{'cpu': 1.452, 'gpu': 0.971, 'CLOUD': 0.971}",37.915,38.885999999999996,40.915,42.415
27,TT1,214.0,BESTEFFORT,COMPLETED,gpu,38.928,"{'cpu': 1.464, 'gpu': 0.955, 'CLOUD': 0.955}",38.928,39.882999999999996,41.928,43.428
28,TT2,85.0,URGENT,CANCELLED,,39.103,"{'cpu': 2.298, 'gpu': 0.097, 'CLOUD': 0.097}",inf,inf,41.603,42.853
29,TT2,192.0,URGENT,COMPLETED,,41.93,"{'cpu': 2.297, 'gpu': 0.104, 'CLOUD': 0.104}",41.93,42.049,44.43,45.68
30,TT2,190.0,URGENT,COMPLETED,,42.874,"{'cpu': 2.303, 'gpu': 0.097, 'CLOUD': 0.097}",42.874,42.986000000000004,45.374,46.624
31,TT2,134.0,URGENT,COMPLETED,cpu,44.321,"{'cpu': 2.298, 'gpu': 0.092, 'CLOUD': 0.092}",44.321,46.619,46.821,48.071
32,TT1,126.0,BESTEFFORT,COMPLETED,,45.69,"{'cpu': 1.456, 'gpu': 0.969, 'CLOUD': 0.969}",45.69,46.674,48.69,50.19
33,TT1,103.0,BESTEFFORT,COMPLETED,gpu,53.441,"{'cpu': 1.467, 'gpu': 0.949, 'CLOUD': 0.949}",53.441,54.39,56.441,57.941
34,TT1,13.0,BESTEFFORT,COMPLETED,gpu,53.605,"{'cpu': 1.476, 'gpu': 0.956, 'CLOUD': 0.956}",54.39,55.346000000000004,56.605,58.105
35,TT1,169.0,BESTEFFORT,COMPLETED,gpu,54.574,"{'cpu': 1.451, 'gpu': 0.958, 'CLOUD': 0.958}",55.346000000000004,56.304,57.574,59.074
36,TT1,90.0,BESTEFFORT,COMPLETED,cpu,54.885,"{'cpu': 1.455, 'gpu': 0.973, 'CLOUD': 0.973}",55.346000000000004,56.801,57.885,59.385
37,TT1,28.0,BESTEFFORT,COMPLETED,gpu,57.227,"{'cpu': 1.45, 'gpu': 0.987, 'CLOUD': 0.987}",57.227,58.214,60.227,61.727
38,TT1,7.0,BESTEFFORT,COMPLETED,gpu,57.947,"{'cpu': 1.458, 'gpu': 0.971, 'CLOUD': 0.971}",58.214,59.184999999999995,60.947,62.447
39,TT1,7.0,BESTEFFORT,COMPLETED,gpu,58.029,"{'cpu': 1.474, 'gpu': 0.979, 'CLOUD': 0.979}",59.184999999999995,60.163999999999994,61.029,62.529
40,TT2,127.0,URGENT,COMPLETED,gpu,59.022,"{'cpu': 2.304, 'gpu': 0.092, 'CLOUD': 0.092}",60.163999999999994,60.25599999999999,61.522,62.772
41,TT2,166.0,URGENT,COMPLETED,gpu,59.4,"{'cpu': 2.294, 'gpu': 0.09, 'CLOUD': 0.09}",60.25599999999999,60.346,61.9,63.15
42,TT1,7.0,BESTEFFORT,COMPLETED,gpu,59.523,"{'cpu': 1.45, 'gpu': 0.981, 'CLOUD': 0.981}",61.297999999999995,62.278999999999996,62.523,64.023
43,TT1,10.0,BESTEFFORT,COMPLETED,gpu,59.775,"{'cpu': 1.487, 'gpu': 0.952, 'CLOUD': 0.952}",60.346,61.297999999999995,62.775,64.275
44,TT1,6.0,BESTEFFORT,COMPLETED,gpu,60.366,"{'cpu': 1.465, 'gpu': 0.987, 'CLOUD': 0.987}",62.278999999999996,63.266,63.366,64.866
45,TT2,103.0,URGENT,CANCELLED,,60.37,"{'cpu': 2.301, 'gpu': 0.106, 'CLOUD': 0.106}",inf,inf,62.87,64.12
46,TT2,199.0,URGENT,MISSED,gpu,60.97,"{'cpu': 2.29, 'gpu': 0.093, 'CLOUD': 0.093}",64.253,inf,63.47,64.72
47,TT1,498.0,BESTEFFORT,COMPLETED,gpu,61.844,"{'cpu': 1.449, 'gpu': 0.987, 'CLOUD': 0.987}",63.266,64.253,64.844,66.344
48,TT1,512.0,BESTEFFORT,XCOMPLETED,gpu,61.988,"{'cpu': 1.463, 'gpu': 0.973, 'CLOUD': 0.973}",64.253,65.226,64.988,66.488
49,TT2,79.0,URGENT,COMPLETED,gpu,63.84,"{'cpu': 2.286, 'gpu': 0.091, 'CLOUD': 0.091}",65.226,65.317,66.34,67.59
50,TT1,126.0,BESTEFFORT,COMPLETED,gpu,64.56,"{'cpu': 1.465, 'gpu': 0.967, 'CLOUD': 0.967}",66.27799999999999,67.24499999999999,67.56,69.06
51,TT1,6.0,BESTEFFORT,COMPLETED,gpu,64.72,"{'cpu': 1.461, 'gpu': 0.961, 'CLOUD': 0.961}",65.317,66.27799999999999,67.72,69.22
52,TT1,120.0,BESTEFFORT,COMPLETED,gpu,65.413,"{'cpu': 1.437, 'gpu': 0.975, 'CLOUD': 0.975}",67.24499999999999,68.21999999999998,68.413,69.913
53,TT1,7.0,BESTEFFORT,COMPLETED,gpu,67.976,"{'cpu': 1.461, 'gpu': 0.961, 'CLOUD': 0.961}",68.21999999999998,69.18099999999998,70.976,72.476
54,TT1,126.0,BESTEFFORT,COMPLETED,gpu,68.262,"{'cpu': 1.461, 'gpu': 0.967, 'CLOUD': 0.967}",69.18099999999998,70.14799999999998,71.262,72.762
55,TT1,13.0,BESTEFFORT,COMPLETED,gpu,68.6,"{'cpu': 1.468, 'gpu': 0.977, 'CLOUD': 0.977}",70.14799999999998,71.12499999999999,71.6,73.1
56,TT2,186.0,URGENT,MISSED,gpu,68.706,"{'cpu': 2.305, 'gpu': 0.099, 'CLOUD': 0.099}",71.12499999999999,inf,71.206,72.456
57,TT1,10.0,BESTEFFORT,XCOMPLETED,gpu,69.166,"{'cpu': 1.438, 'gpu': 0.982, 'CLOUD': 0.982}",71.206,72.188,72.166,73.666
58,TT1,6.0,BESTEFFORT,CANCELLED,,69.194,"{'cpu': 1.461, 'gpu': 0.958, 'CLOUD': 0.958}",inf,inf,72.194,73.694
59,TT1,559.0,BESTEFFORT,COMPLETED,gpu,71.103,"{'cpu': 1.47, 'gpu': 0.97, 'CLOUD': 0.97}",72.188,73.158,74.103,75.603
60,TT3,83.0,BESTEFFORT,COMPLETED,gpu,71.646,"{'cpu': 5.503, 'gpu': 1.512, 'CLOUD': 1.512}",73.158,74.67,80.646,85.146
61,TT1,169.0,BESTEFFORT,XCOMPLETED,gpu,71.823,"{'cpu': 1.455, 'gpu': 0.961, 'CLOUD': 0.961}",74.67,75.631,74.823,76.323
62,TT2,164.0,URGENT,CANCELLED,,71.869,"{'cpu': 2.303, 'gpu': 0.099, 'CLOUD': 0.099}",inf,inf,74.369,75.619
63,TT2,223.0,URGENT,MISSED,gpu,71.899,"{'cpu': 2.295, 'gpu': 0.099, 'CLOUD': 0.099}",75.631,inf,74.399,75.649
64,TT2,115.0,URGENT,MISSED,gpu,72.442,"{'cpu': 2.311, 'gpu': 0.1, 'CLOUD': 0.1}",75.631,inf,74.942,76.192
65,TT2,110.0,URGENT,COMPLETED,gpu,73.48,"{'cpu': 2.297, 'gpu': 0.1, 'CLOUD': 0.1}",75.631,75.731,75.98,77.23
66,TT1,103.0,BESTEFFORT,COMPLETED,gpu,73.725,"{'cpu': 1.458, 'gpu': 0.972, 'CLOUD': 0.972}",75.731,76.70299999999999,76.725,78.225
67,TT2,209.0,URGENT,COMPLETED,gpu,74.785,"{'cpu': 2.294, 'gpu': 0.099, 'CLOUD': 0.099}",76.70299999999999,76.80199999999999,77.285,78.535
68,TT1,169.0,BESTEFFORT,COMPLETED,gpu,78.61,"{'cpu': 1.47, 'gpu': 0.967, 'CLOUD': 0.967}",78.61,79.577,81.61,83.11
69,TT2,171.0,URGENT,COMPLETED,gpu,79.609,"{'cpu': 2.307, 'gpu': 0.106, 'CLOUD': 0.106}",79.609,79.71499999999999,82.109,83.359
70,TT1,95.0,BESTEFFORT,COMPLETED,gpu,80.343,"{'cpu': 1.453, 'gpu': 0.986, 'CLOUD': 0.986}",80.343,81.32900000000001,83.343,84.843
71,TT1,447.0,BESTEFFORT,COMPLETED,gpu,81.046,"{'cpu': 1.459, 'gpu': 0.964, 'CLOUD': 0.964}",81.32900000000001,82.293,84.046,85.546
72,TT1,214.0,BESTEFFORT,COMPLETED,gpu,82.554,"{'cpu': 1.465, 'gpu': 0.972, 'CLOUD': 0.972}",82.554,83.526,85.554,87.054
73,TT1,498.0,BESTEFFORT,COMPLETED,gpu,86.129,"{'cpu': 1.466, 'gpu': 0.963, 'CLOUD': 0.963}",86.129,87.092,89.129,90.629
74,TT2,201.0,URGENT,COMPLETED,gpu,86.501,"{'cpu': 2.289, 'gpu': 0.097, 'CLOUD': 0.097}",87.092,87.189,89.001,90.251
75,TT2,123.0,URGENT,COMPLETED,gpu,87.713,"{'cpu': 2.32, 'gpu': 0.099, 'CLOUD': 0.099}",87.713,87.812,90.213,91.463
76,TT1,103.0,BESTEFFORT,COMPLETED,gpu,88.382,"{'cpu': 1.442, 'gpu': 0.964, 'CLOUD': 0.964}",88.382,89.346,91.382,92.882
77,TT3,134.0,BESTEFFORT,COMPLETED,gpu,88.559,"{'cpu': 5.512, 'gpu': 1.498, 'CLOUD': 1.498}",89.346,90.84400000000001,97.559,102.059
78,TT3,544.8,BESTEFFORT,COMPLETED,gpu,88.659,"{'cpu': 5.492, 'gpu': 1.492, 'CLOUD': 1.492}",90.84400000000001,92.33600000000001,97.659,102.159
79,TT3,165.4,BESTEFFORT,COMPLETED,gpu,88.68,"{'cpu': 5.493, 'gpu': 1.489, 'CLOUD': 1.489}",92.33600000000001,93.82500000000002,97.68,102.18
80,TT3,544.8,BESTEFFORT,COMPLETED,gpu,88.728,"{'cpu': 5.504, 'gpu': 1.509, 'CLOUD': 1.509}",93.82500000000002,95.33400000000002,97.728,102.228
81,TT3,154.5,BESTEFFORT,MISSED,gpu,88.766,"{'cpu': 5.504, 'gpu': 1.501, 'CLOUD': 1.501}",102.702,inf,97.766,102.266
82,TT3,97.7,BESTEFFORT,XCOMPLETED,gpu,88.779,"{'cpu': 5.497, 'gpu': 1.503, 'CLOUD': 1.503}",99.822,101.325,97.779,102.279
83,TT3,66.8,BESTEFFORT,COMPLETED,gpu,88.793,"{'cpu': 5.518, 'gpu': 1.493, 'CLOUD': 1.493}",95.33400000000002,96.82700000000001,97.793,102.293
84,TT3,227.0,BESTEFFORT,XCOMPLETED,gpu,88.848,"{'cpu': 5.503, 'gpu': 1.49, 'CLOUD': 1.49}",96.82700000000001,98.31700000000001,97.848,102.348
85,TT3,167.3,BESTEFFORT,XCOMPLETED,gpu,88.942,"{'cpu': 5.504, 'gpu': 1.505, 'CLOUD': 1.505}",98.31700000000001,99.822,97.942,102.442
86,TT3,82.6,BESTEFFORT,MISSED,gpu,89.03,"{'cpu': 5.5, 'gpu': 1.482, 'CLOUD': 1.482}",101.325,inf,98.03,102.53
87,TT3,198.2,BESTEFFORT,MISSED,gpu,89.077,"{'cpu': 5.495, 'gpu': 1.51, 'CLOUD': 1.51}",102.53,inf,98.077,102.577
88,TT3,163.5,BESTEFFORT,MISSED,gpu,89.134,"{'cpu': 5.503, 'gpu': 1.491, 'CLOUD': 1.491}",102.577,inf,98.134,102.634
89,TT3,67.4,BESTEFFORT,MISSED,gpu,89.202,"{'cpu': 5.482, 'gpu': 1.488, 'CLOUD': 1.488}",102.634,inf,98.202,102.702
90,TT3,227.0,BESTEFFORT,MISSED,gpu,89.375,"{'cpu': 5.493, 'gpu': 1.505, 'CLOUD': 1.505}",102.702,inf,98.375,102.875
91,TT3,585.4,BESTEFFORT,MISSED,gpu,89.453,"{'cpu': 5.487, 'gpu': 1.502, 'CLOUD': 1.502}",102.875,inf,98.453,102.953
92,TT3,82.6,BESTEFFORT,MISSED,gpu,89.532,"{'cpu': 5.492, 'gpu': 1.511, 'CLOUD': 1.511}",102.953,inf,98.532,103.032
93,TT3,236.3,BESTEFFORT,MISSED,gpu,89.692,"{'cpu': 5.498, 'gpu': 1.499, 'CLOUD': 1.499}",103.032,inf,98.692,103.192
94,TT3,59.9,BESTEFFORT,MISSED,gpu,89.742,"{'cpu': 5.502, 'gpu': 1.504, 'CLOUD': 1.504}",103.192,inf,98.742,103.242
95,TT3,702.9,BESTEFFORT,MISSED,gpu,89.751,"{'cpu': 5.513, 'gpu': 1.496, 'CLOUD': 1.496}",103.242,inf,98.751,103.251
96,TT3,236.3,BESTEFFORT,MISSED,gpu,89.763,"{'cpu': 5.494, 'gpu': 1.501, 'CLOUD': 1.501}",103.251,inf,98.763,103.263
97,TT3,194.8,BESTEFFORT,MISSED,gpu,89.842,"{'cpu': 5.505, 'gpu': 1.496, 'CLOUD': 1.496}",103.263,inf,98.842,103.342
98,TT3,230.2,BESTEFFORT,MISSED,gpu,90.017,"{'cpu': 5.487, 'gpu': 1.496, 'CLOUD': 1.496}",103.342,inf,99.017,103.517
99,TT3,70.1,BESTEFFORT,MISSED,gpu,90.018,"{'cpu': 5.492, 'gpu': 1.513, 'CLOUD': 1.513}",103.517,inf,99.018,103.518
100,TT3,87.3,BESTEFFORT,MISSED,gpu,90.021,"{'cpu': 5.496, 'gpu': 1.508, 'CLOUD': 1.508}",103.518,inf,99.021,103.521
101,TT3,74.8,BESTEFFORT,MISSED,gpu,90.027,"{'cpu': 5.488, 'gpu': 1.507, 'CLOUD': 1.507}",103.521,inf,99.027,103.527
102,TT3,391.0,BESTEFFORT,MISSED,gpu,90.067,"{'cpu': 5.505, 'gpu': 1.497, 'CLOUD': 1.497}",103.527,inf,99.067,103.567
103,TT3,734.6,BESTEFFORT,MISSED,gpu,90.13,"{'cpu': 5.5, 'gpu': 1.505, 'CLOUD': 1.505}",103.567,inf,99.13,103.63
104,TT3,91.8,BESTEFFORT,MISSED,gpu,90.155,"{'cpu': 5.507, 'gpu': 1.492, 'CLOUD': 1.492}",103.63,inf,99.155,103.655
105,TT3,645.4,BESTEFFORT,MISSED,gpu,90.203,"{'cpu': 5.495, 'gpu': 1.51, 'CLOUD': 1.51}",103.655,inf,99.203,103.703
106,TT3,170.4,BESTEFFORT,MISSED,gpu,90.359,"{'cpu': 5.519, 'gpu': 1.514, 'CLOUD': 1.514}",103.703,inf,99.359,103.859
107,TT3,195.7,BESTEFFORT,MISSED,gpu,90.395,"{'cpu': 5.497, 'gpu': 1.489, 'CLOUD': 1.489}",103.859,inf,99.395,103.895
108,TT3,115.9,BESTEFFORT,MISSED,gpu,90.511,"{'cpu': 5.494, 'gpu': 1.509, 'CLOUD': 1.509}",103.895,inf,99.511,104.011
109,TT3,201.3,BESTEFFORT,MISSED,gpu,90.521,"{'cpu': 5.504, 'gpu': 1.485, 'CLOUD': 1.485}",104.011,inf,99.521,104.021
110,TT1,559.0,BESTEFFORT,MISSED,gpu,90.532,"{'cpu': 1.459, 'gpu': 0.986, 'CLOUD': 0.986}",104.021,inf,93.532,95.032
111,TT3,579.6,BESTEFFORT,MISSED,gpu,90.544,"{'cpu': 5.492, 'gpu': 1.498, 'CLOUD': 1.498}",104.021,inf,99.544,104.044
112,TT3,290.7,BESTEFFORT,MISSED,gpu,90.579,"{'cpu': 5.511, 'gpu': 1.501, 'CLOUD': 1.501}",104.044,inf,99.579,104.079
113,TT3,346.5,BESTEFFORT,MISSED,gpu,90.666,"{'cpu': 5.505, 'gpu': 1.492, 'CLOUD': 1.492}",104.079,inf,99.666,104.166
114,TT1,7.0,BESTEFFORT,CANCELLED,,90.697,"{'cpu': 1.442, 'gpu': 0.953, 'CLOUD': 0.953}",inf,inf,93.697,95.197
115,TT3,247.4,BESTEFFORT,MISSED,gpu,90.727,"{'cpu': 5.507, 'gpu': 1.489, 'CLOUD': 1.489}",104.166,inf,99.727,104.227
116,TT3,423.7,BESTEFFORT,MISSED,gpu,90.766,"{'cpu': 5.492, 'gpu': 1.499, 'CLOUD': 1.499}",104.227,inf,99.766,104.266
117,TT3,360.5,BESTEFFORT,MISSED,gpu,90.805,"{'cpu': 5.487, 'gpu': 1.507, 'CLOUD': 1.507}",104.266,inf,99.805,104.305
118,TT3,288.4,BESTEFFORT,MISSED,gpu,90.863,"{'cpu': 5.504, 'gpu': 1.501, 'CLOUD': 1.501}",104.305,inf,99.863,104.363
119,TT3,107.4,BESTEFFORT,MISSED,gpu,90.891,"{'cpu': 5.505, 'gpu': 1.505, 'CLOUD': 1.505}",104.363,inf,99.891,104.391
120,TT2,197.0,URGENT,MISSED,gpu,90.976,"{'cpu': 2.308, 'gpu': 0.1, 'CLOUD': 0.1}",104.391,inf,93.476,94.726
121,TT3,207.1,BESTEFFORT,MISSED,gpu,91.021,"{'cpu': 5.488, 'gpu': 1.494, 'CLOUD': 1.494}",104.391,inf,100.021,104.521
122,TT3,210.4,BESTEFFORT,MISSED,gpu,91.022,"{'cpu': 5.501, 'gpu': 1.494, 'CLOUD': 1.494}",104.521,inf,100.022,104.522
123,TT3,146.0,BESTEFFORT,MISSED,gpu,91.032,"{'cpu': 5.503, 'gpu': 1.499, 'CLOUD': 1.499}",104.522,inf,100.032,104.532
124,TT3,266.0,BESTEFFORT,MISSED,gpu,91.086,"{'cpu': 5.49, 'gpu': 1.515, 'CLOUD': 1.515}",104.532,inf,100.086,104.586
125,TT3,281.2,BESTEFFORT,MISSED,gpu,91.309,"{'cpu': 5.493, 'gpu': 1.482, 'CLOUD': 1.482}",104.586,inf,100.309,104.809
126,TT3,66.8,BESTEFFORT,MISSED,gpu,91.344,"{'cpu': 5.512, 'gpu': 1.503, 'CLOUD': 1.503}",104.809,inf,100.344,104.844
127,TT3,121.5,BESTEFFORT,MISSED,gpu,91.511,"{'cpu': 5.509, 'gpu': 1.505, 'CLOUD': 1.505}",104.844,inf,100.511,105.011
128,TT3,290.7,BESTEFFORT,MISSED,gpu,91.605,"{'cpu': 5.507, 'gpu': 1.502, 'CLOUD': 1.502}",105.011,inf,100.605,105.105
129,TT3,543.2,BESTEFFORT,MISSED,gpu,91.612,"{'cpu': 5.508, 'gpu': 1.479, 'CLOUD': 1.479}",105.105,inf,100.612,105.112
130,TT3,218.7,BESTEFFORT,MISSED,gpu,91.927,"{'cpu': 5.505, 'gpu': 1.492, 'CLOUD': 1.492}",105.112,inf,100.927,105.427
131,TT3,102.0,BESTEFFORT,MISSED,gpu,91.942,"{'cpu': 5.49, 'gpu': 1.507, 'CLOUD': 1.507}",105.427,inf,100.942,105.442
132,TT3,392.0,BESTEFFORT,MISSED,gpu,91.966,"{'cpu': 5.5, 'gpu': 1.493, 'CLOUD': 1.493}",105.442,inf,100.966,105.466
133,TT3,388.8,BESTEFFORT,MISSED,gpu,92.076,"{'cpu': 5.499, 'gpu': 1.493, 'CLOUD': 1.493}",105.466,inf,101.076,105.576
134,TT3,198.8,BESTEFFORT,MISSED,gpu,92.085,"{'cpu': 5.5, 'gpu': 1.516, 'CLOUD': 1.516}",105.576,inf,101.085,105.585
135,TT3,434.5,BESTEFFORT,MISSED,gpu,92.09,"{'cpu': 5.508, 'gpu': 1.51, 'CLOUD': 1.51}",105.585,inf,101.09,105.59
136,TT3,139.8,BESTEFFORT,MISSED,gpu,92.148,"{'cpu': 5.513, 'gpu': 1.504, 'CLOUD': 1.504}",105.59,inf,101.148,105.648
137,TT3,78.7,BESTEFFORT,MISSED,gpu,92.227,"{'cpu': 5.484, 'gpu': 1.504, 'CLOUD': 1.504}",105.648,inf,101.227,105.727
138,TT3,288.4,BESTEFFORT,MISSED,gpu,92.237,"{'cpu': 5.502, 'gpu': 1.503, 'CLOUD': 1.503}",105.727,inf,101.237,105.737
139,TT3,279.5,BESTEFFORT,MISSED,gpu,92.289,"{'cpu': 5.507, 'gpu': 1.498, 'CLOUD': 1.498}",105.737,inf,101.289,105.789
140,TT3,596.6,BESTEFFORT,MISSED,gpu,92.369,"{'cpu': 5.491, 'gpu': 1.48, 'CLOUD': 1.48}",105.789,inf,101.369,105.869
141,TT3,40.2,BESTEFFORT,MISSED,gpu,92.544,"{'cpu': 5.503, 'gpu': 1.503, 'CLOUD': 1.503}",105.869,inf,101.544,106.044
142,TT3,149.8,BESTEFFORT,MISSED,gpu,92.573,"{'cpu': 5.502, 'gpu': 1.492, 'CLOUD': 1.492}",106.044,inf,101.573,106.073
143,TT3,235.7,BESTEFFORT,MISSED,gpu,92.59,"{'cpu': 5.501, 'gpu': 1.493, 'CLOUD': 1.493}",106.073,inf,101.59,106.09
144,TT3,567.1,BESTEFFORT,MISSED,gpu,92.596,"{'cpu': 5.513, 'gpu': 1.506, 'CLOUD': 1.506}",106.139,inf,101.596,106.096
145,TT3,150.5,BESTEFFORT,MISSED,gpu,92.627,"{'cpu': 5.487, 'gpu': 1.497, 'CLOUD': 1.497}",106.09,inf,101.627,106.127
146,TT3,394.0,BESTEFFORT,MISSED,gpu,92.639,"{'cpu': 5.492, 'gpu': 1.498, 'CLOUD': 1.498}",106.127,inf,101.639,106.139
147,TT3,322.4,BESTEFFORT,MISSED,gpu,92.691,"{'cpu': 5.497, 'gpu': 1.509, 'CLOUD': 1.509}",106.139,inf,101.691,106.191
148,TT3,449.9,BESTEFFORT,MISSED,gpu,92.713,"{'cpu': 5.487, 'gpu': 1.507, 'CLOUD': 1.507}",106.191,inf,101.713,106.213
149,TT3,246.2,BESTEFFORT,MISSED,gpu,92.773,"{'cpu': 5.505, 'gpu': 1.489, 'CLOUD': 1.489}",106.213,inf,101.773,106.273
150,TT3,247.4,BESTEFFORT,MISSED,gpu,93.039,"{'cpu': 5.482, 'gpu': 1.496, 'CLOUD': 1.496}",106.273,inf,102.039,106.539
151,TT3,282.7,BESTEFFORT,MISSED,gpu,93.072,"{'cpu': 5.496, 'gpu': 1.491, 'CLOUD': 1.491}",106.539,inf,102.072,106.572
152,TT3,201.3,BESTEFFORT,MISSED,gpu,93.095,"{'cpu': 5.492, 'gpu': 1.517, 'CLOUD': 1.517}",106.572,inf,102.095,106.595
153,TT3,257.3,BESTEFFORT,MISSED,gpu,93.118,"{'cpu': 5.498, 'gpu': 1.51, 'CLOUD': 1.51}",106.595,inf,102.118,106.618
154,TT3,164.1,BESTEFFORT,MISSED,gpu,93.177,"{'cpu': 5.504, 'gpu': 1.497, 'CLOUD': 1.497}",106.618,inf,102.177,106.677
155,TT3,550.2,BESTEFFORT,MISSED,gpu,93.205,"{'cpu': 5.499, 'gpu': 1.514, 'CLOUD': 1.514}",106.677,inf,102.205,106.705
156,TT3,82.6,BESTEFFORT,MISSED,gpu,93.209,"{'cpu': 5.502, 'gpu': 1.483, 'CLOUD': 1.483}",106.705,inf,102.209,106.709
157,TT3,367.6,BESTEFFORT,MISSED,gpu,93.254,"{'cpu': 5.523, 'gpu': 1.515, 'CLOUD': 1.515}",106.709,inf,102.254,106.754
158,TT3,215.9,BESTEFFORT,MISSED,gpu,93.294,"{'cpu': 5.522, 'gpu': 1.489, 'CLOUD': 1.489}",106.754,inf,102.294,106.794
159,TT3,303.8,BESTEFFORT,MISSED,gpu,93.371,"{'cpu': 5.495, 'gpu': 1.507, 'CLOUD': 1.507}",106.794,inf,102.371,106.871
160,TT1,28.0,BESTEFFORT,MISSED,gpu,93.929,"{'cpu': 1.457, 'gpu': 0.978, 'CLOUD': 0.978}",106.871,inf,96.929,98.429
161,TT1,13.0,BESTEFFORT,MISSED,gpu,94.515,"{'cpu': 1.478, 'gpu': 0.967, 'CLOUD': 0.967}",106.871,inf,97.515,99.015
162,TT1,146.0,BESTEFFORT,MISSED,gpu,95.906,"{'cpu': 1.46, 'gpu': 0.968, 'CLOUD': 0.968}",106.871,inf,98.906,100.406
163,TT2,138.0,URGENT,MISSED,gpu,95.92,"{'cpu': 2.295, 'gpu': 0.098, 'CLOUD': 0.098}",106.871,inf,98.42,99.67
164,TT1,6.0,BESTEFFORT,MISSED,gpu,98.423,"{'cpu': 1.463, 'gpu': 0.983, 'CLOUD': 0.983}",106.871,inf,101.423,102.923
165,TT1,7.0,BESTEFFORT,MISSED,gpu,102.157,"{'cpu': 1.452, 'gpu': 0.967, 'CLOUD': 0.967}",106.871,inf,105.157,106.657
166,TT1,7.0,BESTEFFORT,XCOMPLETED,gpu,104.072,"{'cpu': 1.457, 'gpu': 0.99, 'CLOUD': 0.99}",106.871,107.86099999999999,107.072,108.572
167,TT2,136.0,URGENT,COMPLETED,gpu,106.058,"{'cpu': 2.285, 'gpu': 0.101, 'CLOUD': 0.101}",107.86099999999999,107.96199999999999,108.558,109.808
168,TT1,7.0,BESTEFFORT,COMPLETED,gpu,109.036,"{'cpu': 1.447, 'gpu': 0.967, 'CLOUD': 0.967}",109.036,110.003,112.036,113.536
169,TT1,103.0,BESTEFFORT,COMPLETED,gpu,111.168,"{'cpu': 1.447, 'gpu': 0.964, 'CLOUD': 0.964}",111.168,112.132,114.168,115.668
170,TT1,447.0,BESTEFFORT,COMPLETED,gpu,111.705,"{'cpu': 1.462, 'gpu': 0.97, 'CLOUD': 0.97}",112.132,113.102,114.705,116.205
171,TT1,387.0,BESTEFFORT,COMPLETED,gpu,112.387,"{'cpu': 1.459, 'gpu': 0.973, 'CLOUD': 0.973}",113.102,114.075,115.387,116.887
172,TT1,498.0,BESTEFFORT,COMPLETED,gpu,113.057,"{'cpu': 1.469, 'gpu': 0.968, 'CLOUD': 0.968}",114.075,115.043,116.057,117.557
173,TT1,49.0,BESTEFFORT,COMPLETED,gpu,113.543,"{'cpu': 1.471, 'gpu': 0.978, 'CLOUD': 0.978}",115.043,116.021,116.543,118.043
174,TT1,512.0,BESTEFFORT,COMPLETED,gpu,118.109,"{'cpu': 1.467, 'gpu': 0.962, 'CLOUD': 0.962}",118.109,119.071,121.109,122.609
175,TT1,6.0,BESTEFFORT,COMPLETED,gpu,119.124,"{'cpu': 1.461, 'gpu': 0.977, 'CLOUD': 0.977}",119.124,120.101,122.124,123.624
176,TT1,7.0,BESTEFFORT,COMPLETED,gpu,119.366,"{'cpu': 1.455, 'gpu': 0.952, 'CLOUD': 0.952}",120.101,121.053,122.366,123.866
177,TT1,120.0,BESTEFFORT,XCOMPLETED,gpu,119.778,"{'cpu': 1.456, 'gpu': 0.969, 'CLOUD': 0.969}",122.00999999999999,122.97899999999998,122.778,124.278
178,TT1,498.0,BESTEFFORT,COMPLETED,gpu,119.832,"{'cpu': 1.452, 'gpu': 0.957, 'CLOUD': 0.957}",121.053,122.00999999999999,122.832,124.332
179,TT1,95.0,BESTEFFORT,XCOMPLETED,gpu,121.058,"{'cpu': 1.474, 'gpu': 0.997, 'CLOUD': 0.997}",124.05099999999997,125.04799999999997,124.058,125.558
180,TT2,81.0,URGENT,COMPLETED,gpu,121.133,"{'cpu': 2.309, 'gpu': 0.1, 'CLOUD': 0.1}",122.97899999999998,123.07899999999998,123.633,124.883
181,TT1,387.0,BESTEFFORT,COMPLETED,gpu,122.077,"{'cpu': 1.465, 'gpu': 0.972, 'CLOUD': 0.972}",123.07899999999998,124.05099999999997,125.077,126.577
182,TT2,71.0,URGENT,COMPLETED,gpu,123.44,"{'cpu': 2.302, 'gpu': 0.093, 'CLOUD': 0.093}",125.04799999999997,125.14099999999998,125.94,127.19
183,TT3,343.2,BESTEFFORT,COMPLETED,gpu,124.709,"{'cpu': 5.508, 'gpu': 1.484, 'CLOUD': 1.484}",125.14099999999998,126.62499999999997,133.709,138.209
184,TT1,44.0,BESTEFFORT,COMPLETED,gpu,125.521,"{'cpu': 1.455, 'gpu': 0.944, 'CLOUD': 0.944}",126.62499999999997,127.56899999999997,128.52100000000002,130.02100000000002
185,TT1,447.0,BESTEFFORT,COMPLETED,gpu,126.68,"{'cpu': 1.442, 'gpu': 0.961, 'CLOUD': 0.961}",127.56899999999997,128.52999999999997,129.68,131.18
186,TT1,28.0,BESTEFFORT,MISSED,gpu,126.961,"{'cpu': 1.465, 'gpu': 0.971, 'CLOUD': 0.971}",131.53999999999996,inf,129.961,131.461
187,TT3,461.2,BESTEFFORT,COMPLETED,gpu,127.089,"{'cpu': 5.515, 'gpu': 1.507, 'CLOUD': 1.507}",128.52999999999997,130.03699999999998,136.089,140.589
188,TT3,358.8,BESTEFFORT,COMPLETED,gpu,128.476,"{'cpu': 5.483, 'gpu': 1.503, 'CLOUD': 1.503}",130.03699999999998,131.53999999999996,137.476,141.976
189,TT1,7.0,BESTEFFORT,XCOMPLETED,gpu,128.719,"{'cpu': 1.462, 'gpu': 0.962, 'CLOUD': 0.962}",131.53999999999996,132.50199999999995,131.719,133.219
190,TT1,157.0,BESTEFFORT,MISSED,gpu,128.915,"{'cpu': 1.456, 'gpu': 0.954, 'CLOUD': 0.954}",134.43999999999994,inf,131.915,133.415
191,TT1,90.0,BESTEFFORT,COMPLETED,gpu,130.655,"{'cpu': 1.461, 'gpu': 0.963, 'CLOUD': 0.963}",132.50199999999995,133.46499999999995,133.655,135.155
192,TT1,6.0,BESTEFFORT,COMPLETED,gpu,132.041,"{'cpu': 1.459, 'gpu': 0.975, 'CLOUD': 0.975}",133.46499999999995,134.43999999999994,135.041,136.541
193,TT2,230.0,URGENT,MISSED,gpu,132.694,"{'cpu': 2.3, 'gpu': 0.101, 'CLOUD': 0.101}",136.38299999999995,inf,135.194,136.444
194,TT1,7.0,BESTEFFORT,XCOMPLETED,gpu,132.848,"{'cpu': 1.47, 'gpu': 0.961, 'CLOUD': 0.961}",135.42199999999994,136.38299999999995,135.848,137.348
195,TT1,512.0,BESTEFFORT,COMPLETED,gpu,133.039,"{'cpu': 1.444, 'gpu': 0.982, 'CLOUD': 0.982}",134.43999999999994,135.42199999999994,136.039,137.539
196,TT3,306.8,BESTEFFORT,COMPLETED,gpu,133.321,"{'cpu': 5.504, 'gpu': 1.501, 'CLOUD': 1.501}",140.36799999999994,141.86899999999994,142.321,146.821
197,TT1,28.0,BESTEFFORT,XCOMPLETED,gpu,133.405,"{'cpu': 1.463, 'gpu': 0.968, 'CLOUD': 0.968}",136.38299999999995,137.35099999999994,136.405,137.905
198,TT3,956.8,BESTEFFORT,COMPLETED,gpu,133.877,"{'cpu': 5.498, 'gpu': 1.501, 'CLOUD': 1.501}",137.35099999999994,138.85199999999995,142.877,147.377
199,TT2,179.0,URGENT,CANCELLED,,134.278,"{'cpu': 2.283, 'gpu': 0.105, 'CLOUD': 0.105}",inf,inf,136.778,138.028
200,TT3,585.4,BESTEFFORT,COMPLETED,gpu,135.494,"{'cpu': 5.507, 'gpu': 1.516, 'CLOUD': 1.516}",138.85199999999995,140.36799999999994,144.494,148.994
201,TT1,214.0,BESTEFFORT,MISSED,gpu,136.703,"{'cpu': 1.461, 'gpu': 0.947, 'CLOUD': 0.947}",141.86899999999994,inf,139.703,141.203
202,TT1,387.0,BESTEFFORT,MISSED,gpu,137.117,"{'cpu': 1.469, 'gpu': 0.984, 'CLOUD': 0.984}",141.86899999999994,inf,140.117,141.617
203,TT1,10.0,BESTEFFORT,XCOMPLETED,gpu,139.752,"{'cpu': 1.454, 'gpu': 0.962, 'CLOUD': 0.962}",141.96299999999994,142.92499999999993,142.752,144.252
204,TT2,117.0,URGENT,COMPLETED,gpu,141.102,"{'cpu': 2.295, 'gpu': 0.094, 'CLOUD': 0.094}",141.86899999999994,141.96299999999994,143.602,144.852
205,TT2,126.0,URGENT,COMPLETED,gpu,141.104,"{'cpu': 2.28, 'gpu': 0.097, 'CLOUD': 0.097}",142.92499999999993,143.02199999999993,143.604,144.854
206,TT2,78.0,URGENT,MISSED,gpu,141.542,"{'cpu': 2.302, 'gpu': 0.094, 'CLOUD': 0.094}",143.97899999999993,inf,144.042,145.292
207,TT2,131.0,URGENT,MISSED,gpu,141.642,"{'cpu': 2.29, 'gpu': 0.104, 'CLOUD': 0.104}",144.042,inf,144.142,145.392
208,TT1,512.0,BESTEFFORT,COMPLETED,gpu,142.344,"{'cpu': 1.455, 'gpu': 0.957, 'CLOUD': 0.957}",143.02199999999993,143.97899999999993,145.344,146.844
209,TT1,214.0,BESTEFFORT,COMPLETED,gpu,142.677,"{'cpu': 1.452, 'gpu': 0.965, 'CLOUD': 0.965}",144.24,145.205,145.677,147.177
210,TT2,92.0,URGENT,COMPLETED,gpu,144.014,"{'cpu': 2.295, 'gpu': 0.098, 'CLOUD': 0.098}",144.142,144.24,146.514,147.764
211,TT1,28.0,BESTEFFORT,COMPLETED,gpu,147.132,"{'cpu': 1.431, 'gpu': 0.972, 'CLOUD': 0.972}",147.132,148.104,150.132,151.632
212,TT2,127.0,URGENT,COMPLETED,gpu,148.473,"{'cpu': 2.291, 'gpu': 0.099, 'CLOUD': 0.099}",148.473,148.572,150.973,152.223
213,TT1,120.0,BESTEFFORT,COMPLETED,gpu,151.973,"{'cpu': 1.457, 'gpu': 0.947, 'CLOUD': 0.947}",151.973,152.92000000000002,154.973,156.473
214,TT1,559.0,BESTEFFORT,COMPLETED,gpu,152.141,"{'cpu': 1.464, 'gpu': 0.948, 'CLOUD': 0.948}",152.92000000000002,153.86800000000002,155.141,156.641
215,TT2,155.0,URGENT,COMPLETED,gpu,153.843,"{'cpu': 2.277, 'gpu': 0.098, 'CLOUD': 0.098}",153.86800000000002,153.96600000000004,156.343,157.593
216,TT1,169.0,BESTEFFORT,COMPLETED,gpu,153.847,"{'cpu': 1.44, 'gpu': 0.975, 'CLOUD': 0.975}",153.96600000000004,154.94100000000003,156.847,158.347
217,TT2,64.0,URGENT,COMPLETED,gpu,156.511,"{'cpu': 2.287, 'gpu': 0.102, 'CLOUD': 0.102}",156.511,156.613,159.011,160.261
218,TT2,135.0,URGENT,COMPLETED,gpu,157.125,"{'cpu': 2.295, 'gpu': 0.1, 'CLOUD': 0.1}",157.125,157.225,159.625,160.875
219,TT1,559.0,BESTEFFORT,COMPLETED,gpu,157.159,"{'cpu': 1.458, 'gpu': 0.97, 'CLOUD': 0.97}",157.225,158.195,160.159,161.659
220,TT2,341.0,URGENT,COMPLETED,gpu,158.031,"{'cpu': 2.304, 'gpu': 0.104, 'CLOUD': 0.104}",158.195,158.299,160.531,161.781
221,TT1,103.0,BESTEFFORT,COMPLETED,gpu,158.041,"{'cpu': 1.468, 'gpu': 0.988, 'CLOUD': 0.988}",158.299,159.287,161.041,162.541
222,TT1,44.0,BESTEFFORT,COMPLETED,gpu,158.688,"{'cpu': 1.462, 'gpu': 0.952, 'CLOUD': 0.952}",159.287,160.239,161.688,163.188
223,TT1,7.0,BESTEFFORT,COMPLETED,gpu,160.608,"{'cpu': 1.475, 'gpu': 0.962, 'CLOUD': 0.962}",160.608,161.57,163.608,165.108
224,TT1,7.0,BESTEFFORT,COMPLETED,gpu,161.508,"{'cpu': 1.443, 'gpu': 0.965, 'CLOUD': 0.965}",161.57,162.535,164.508,166.008
225,TT2,134.0,URGENT,COMPLETED,gpu,165.508,"{'cpu': 2.311, 'gpu': 0.086, 'CLOUD': 0.086}",165.508,165.59400000000002,168.008,169.258
226,TT2,201.0,URGENT,COMPLETED,gpu,166.27,"{'cpu': 2.296, 'gpu': 0.103, 'CLOUD': 0.103}",166.27,166.37300000000002,168.77,170.02
227,TT1,559.0,BESTEFFORT,COMPLETED,gpu,166.594,"{'cpu': 1.451, 'gpu': 0.961, 'CLOUD': 0.961}",166.594,167.555,169.594,171.094
228,TT2,155.0,URGENT,COMPLETED,gpu,167.388,"{'cpu': 2.292, 'gpu': 0.101, 'CLOUD': 0.101}",167.555,167.656,169.888,171.138
229,TT2,68.0,URGENT,COMPLETED,gpu,168.813,"{'cpu': 2.297, 'gpu': 0.096, 'CLOUD': 0.096}",168.813,168.909,171.313,172.563
230,TT1,10.0,BESTEFFORT,COMPLETED,gpu,172.041,"{'cpu': 1.479, 'gpu': 0.983, 'CLOUD': 0.983}",172.041,173.024,175.041,176.541
231,TT1,59.0,BESTEFFORT,COMPLETED,gpu,172.296,"{'cpu': 1.457, 'gpu': 0.965, 'CLOUD': 0.965}",173.024,173.989,175.296,176.796
232,TT1,447.0,BESTEFFORT,COMPLETED,gpu,175.355,"{'cpu': 1.429, 'gpu': 0.99, 'CLOUD': 0.99}",175.355,176.345,178.355,179.855
233,TT1,90.0,BESTEFFORT,COMPLETED,gpu,179.561,"{'cpu': 1.447, 'gpu': 0.973, 'CLOUD': 0.973}",179.561,180.53400000000002,182.561,184.061
234,TT2,15.0,URGENT,COMPLETED,gpu,179.603,"{'cpu': 2.322, 'gpu': 0.097, 'CLOUD': 0.097}",180.53400000000002,180.63100000000003,182.103,183.353
235,TT1,7.0,BESTEFFORT,COMPLETED,gpu,180.557,"{'cpu': 1.447, 'gpu': 0.975, 'CLOUD': 0.975}",180.63100000000003,181.60600000000002,183.557,185.057
236,TT1,103.0,BESTEFFORT,COMPLETED,gpu,181.782,"{'cpu': 1.459, 'gpu': 0.953, 'CLOUD': 0.953}",181.782,182.735,184.782,186.282
237,TT2,77.0,URGENT,COMPLETED,gpu,183.451,"{'cpu': 2.299, 'gpu': 0.095, 'CLOUD': 0.095}",183.451,183.546,185.951,187.201
238,TT1,120.0,BESTEFFORT,COMPLETED,gpu,183.99,"{'cpu': 1.46, 'gpu': 0.983, 'CLOUD': 0.983}",183.99,184.973,186.99,188.49
239,TT2,84.0,URGENT,COMPLETED,gpu,186.607,"{'cpu': 2.306, 'gpu': 0.095, 'CLOUD': 0.095}",186.607,186.702,189.107,190.357
240,TT2,136.0,URGENT,COMPLETED,gpu,189.307,"{'cpu': 2.302, 'gpu': 0.1, 'CLOUD': 0.1}",189.307,189.40699999999998,191.807,193.057
241,TT1,146.0,BESTEFFORT,COMPLETED,gpu,194.217,"{'cpu': 1.446, 'gpu': 0.974, 'CLOUD': 0.974}",194.217,195.191,197.217,198.717
242,TT2,130.0,URGENT,COMPLETED,gpu,194.757,"{'cpu': 2.299, 'gpu': 0.095, 'CLOUD': 0.095}",195.191,195.286,197.257,198.507
243,TT2,174.0,URGENT,COMPLETED,gpu,196.177,"{'cpu': 2.315, 'gpu': 0.111, 'CLOUD': 0.111}",196.177,196.28799999999998,198.677,199.927
244,TT1,10.0,BESTEFFORT,COMPLETED,gpu,199.18,"{'cpu': 1.473, 'gpu': 0.978, 'CLOUD': 0.978}",199.18,200.15800000000002,202.18,203.68
245,TT1,59.0,BESTEFFORT,COMPLETED,gpu,200.772,"{'cpu': 1.45, 'gpu': 0.965, 'CLOUD': 0.965}",200.772,201.737,203.772,205.272
246,TT2,131.0,URGENT,COMPLETED,gpu,201.276,"{'cpu': 2.306, 'gpu': 0.103, 'CLOUD': 0.103}",201.737,201.84,203.776,205.026
247,TT2,123.0,URGENT,COMPLETED,gpu,201.347,"{'cpu': 2.288, 'gpu': 0.1, 'CLOUD': 0.1}",201.84,201.94,203.847,205.097
248,TT1,214.0,BESTEFFORT,COMPLETED,gpu,202.619,"{'cpu': 1.458, 'gpu': 0.966, 'CLOUD': 0.966}",202.619,203.585,205.619,207.119
249,TT1,498.0,BESTEFFORT,COMPLETED,gpu,206.673,"{'cpu': 1.449, 'gpu': 0.968, 'CLOUD': 0.968}",206.673,207.641,209.673,211.173
250,TT1,157.0,BESTEFFORT,COMPLETED,gpu,207.09,"{'cpu': 1.466, 'gpu': 0.961, 'CLOUD': 0.961}",207.641,208.602,210.09,211.59
251,TT1,559.0,BESTEFFORT,COMPLETED,gpu,211.601,"{'cpu': 1.447, 'gpu': 0.968, 'CLOUD': 0.968}",211.601,212.569,214.601,216.101
252,TT2,166.0,URGENT,COMPLETED,gpu,212.193,"{'cpu': 2.285, 'gpu': 0.104, 'CLOUD': 0.104}",212.569,212.673,214.693,215.943
253,TT2,196.0,URGENT,COMPLETED,gpu,212.835,"{'cpu': 2.296, 'gpu': 0.097, 'CLOUD': 0.097}",212.835,212.93200000000002,215.335,216.585
254,TT2,123.0,URGENT,COMPLETED,gpu,214.2,"{'cpu': 2.302, 'gpu': 0.103, 'CLOUD': 0.103}",214.2,214.303,216.7,217.95
255,TT1,7.0,BESTEFFORT,COMPLETED,gpu,215.451,"{'cpu': 1.461, 'gpu': 0.968, 'CLOUD': 0.968}",215.451,216.41899999999998,218.451,219.951
256,TT1,59.0,BESTEFFORT,COMPLETED,gpu,215.592,"{'cpu': 1.457, 'gpu': 0.963, 'CLOUD': 0.963}",216.41899999999998,217.38199999999998,218.592,220.092
257,TT1,7.0,BESTEFFORT,COMPLETED,gpu,215.893,"{'cpu': 1.475, 'gpu': 0.995, 'CLOUD': 0.995}",217.38199999999998,218.37699999999998,218.893,220.393
258,TT1,157.0,BESTEFFORT,COMPLETED,gpu,217.463,"{'cpu': 1.482, 'gpu': 0.96, 'CLOUD': 0.96}",218.37699999999998,219.337,220.463,221.963
259,TT1,103.0,BESTEFFORT,COMPLETED,gpu,219.536,"{'cpu': 1.452, 'gpu': 0.965, 'CLOUD': 0.965}",219.536,220.501,222.536,224.036
260,TT2,155.0,URGENT,COMPLETED,gpu,219.565,"{'cpu': 2.305, 'gpu': 0.099, 'CLOUD': 0.099}",220.501,220.6,222.065,223.315
261,TT1,16.0,BESTEFFORT,COMPLETED,gpu,220.057,"{'cpu': 1.466, 'gpu': 0.968, 'CLOUD': 0.968}",220.694,221.66199999999998,223.057,224.557
262,TT2,163.0,URGENT,COMPLETED,gpu,220.343,"{'cpu': 2.309, 'gpu': 0.094, 'CLOUD': 0.094}",220.6,220.694,222.843,224.093
263,TT1,559.0,BESTEFFORT,COMPLETED,gpu,221.719,"{'cpu': 1.471, 'gpu': 0.969, 'CLOUD': 0.969}",221.719,222.688,224.719,226.219
264,TT1,28.0,BESTEFFORT,COMPLETED,gpu,222.469,"{'cpu': 1.469, 'gpu': 0.964, 'CLOUD': 0.964}",222.688,223.652,225.469,226.969
265,TT2,84.0,URGENT,COMPLETED,gpu,224.17,"{'cpu': 2.294, 'gpu': 0.101, 'CLOUD': 0.101}",224.17,224.271,226.67,227.92
266,TT1,120.0,BESTEFFORT,COMPLETED,gpu,224.616,"{'cpu': 1.473, 'gpu': 0.988, 'CLOUD': 0.988}",224.616,225.604,227.616,229.116
267,TT2,103.0,URGENT,COMPLETED,gpu,225.036,"{'cpu': 2.3, 'gpu': 0.094, 'CLOUD': 0.094}",225.604,225.698,227.536,228.786
268,TT2,278.0,URGENT,COMPLETED,gpu,228.447,"{'cpu': 2.307, 'gpu': 0.096, 'CLOUD': 0.096}",228.447,228.543,230.947,232.197
269,TT2,228.0,URGENT,COMPLETED,gpu,228.524,"{'cpu': 2.287, 'gpu': 0.1, 'CLOUD': 0.1}",228.543,228.643,231.024,232.274
270,TT2,145.0,URGENT,COMPLETED,gpu,228.998,"{'cpu': 2.305, 'gpu': 0.107, 'CLOUD': 0.107}",228.998,229.105,231.498,232.748
271,TT1,95.0,BESTEFFORT,COMPLETED,gpu,230.191,"{'cpu': 1.438, 'gpu': 0.978, 'CLOUD': 0.978}",230.191,231.169,233.191,234.691
272,TT1,59.0,BESTEFFORT,COMPLETED,gpu,233.924,"{'cpu': 1.447, 'gpu': 0.951, 'CLOUD': 0.951}",233.924,234.875,236.924,238.424
273,TT2,222.0,URGENT,COMPLETED,gpu,234.049,"{'cpu': 2.293, 'gpu': 0.105, 'CLOUD': 0.105}",234.875,234.98,236.549,237.799
274,TT1,16.0,BESTEFFORT,COMPLETED,gpu,235.37,"{'cpu': 1.457, 'gpu': 0.979, 'CLOUD': 0.979}",235.37,236.34900000000002,238.37,239.87
275,TT1,6.0,BESTEFFORT,COMPLETED,gpu,237.964,"{'cpu': 1.446, 'gpu': 0.981, 'CLOUD': 0.981}",237.964,238.945,240.964,242.464
276,TT2,224.0,URGENT,COMPLETED,gpu,238.519,"{'cpu': 2.307, 'gpu': 0.099, 'CLOUD': 0.099}",238.945,239.04399999999998,241.019,242.269
277,TT2,184.0,URGENT,COMPLETED,gpu,240.713,"{'cpu': 2.306, 'gpu': 0.106, 'CLOUD': 0.106}",240.713,240.819,243.213,244.463
278,TT2,136.0,URGENT,COMPLETED,gpu,240.791,"{'cpu': 2.318, 'gpu': 0.093, 'CLOUD': 0.093}",240.819,240.91199999999998,243.291,244.541
279,TT1,16.0,BESTEFFORT,COMPLETED,gpu,241.024,"{'cpu': 1.474, 'gpu': 0.948, 'CLOUD': 0.948}",241.024,241.972,244.024,245.524
280,TT1,90.0,BESTEFFORT,COMPLETED,gpu,243.139,"{'cpu': 1.475, 'gpu': 0.947, 'CLOUD': 0.947}",243.139,244.086,246.139,247.639
281,TT2,42.0,URGENT,COMPLETED,gpu,245.449,"{'cpu': 2.303, 'gpu': 0.107, 'CLOUD': 0.107}",245.449,245.556,247.949,249.199
282,TT1,44.0,BESTEFFORT,COMPLETED,gpu,248.949,"{'cpu': 1.461, 'gpu': 0.973, 'CLOUD': 0.973}",248.949,249.92200000000003,251.949,253.449
283,TT2,103.0,URGENT,COMPLETED,gpu,250.259,"{'cpu': 2.312, 'gpu': 0.096, 'CLOUD': 0.096}",250.259,250.355,252.759,254.009
284,TT1,13.0,BESTEFFORT,COMPLETED,gpu,250.626,"{'cpu': 1.468, 'gpu': 0.955, 'CLOUD': 0.955}",250.626,251.58100000000002,253.626,255.126
285,TT1,7.0,BESTEFFORT,COMPLETED,gpu,251.983,"{'cpu': 1.457, 'gpu': 0.969, 'CLOUD': 0.969}",251.983,252.952,254.983,256.483
286,TT1,6.0,BESTEFFORT,COMPLETED,gpu,253.023,"{'cpu': 1.459, 'gpu': 0.975, 'CLOUD': 0.975}",253.023,253.998,256.023,257.523
287,TT1,13.0,BESTEFFORT,COMPLETED,gpu,253.109,"{'cpu': 1.437, 'gpu': 0.966, 'CLOUD': 0.966}",253.998,254.964,256.10900000000004,257.60900000000004
288,TT2,165.0,URGENT,COMPLETED,gpu,253.459,"{'cpu': 2.314, 'gpu': 0.104, 'CLOUD': 0.104}",254.964,255.068,255.959,257.209
289,TT1,10.0,BESTEFFORT,COMPLETED,gpu,255.028,"{'cpu': 1.468, 'gpu': 0.986, 'CLOUD': 0.986}",255.068,256.05400000000003,258.028,259.528
290,TT2,153.0,URGENT,COMPLETED,gpu,255.717,"{'cpu': 2.312, 'gpu': 0.108, 'CLOUD': 0.108}",256.05400000000003,256.16200000000003,258.217,259.467
291,TT1,44.0,BESTEFFORT,COMPLETED,gpu,256.481,"{'cpu': 1.461, 'gpu': 0.983, 'CLOUD': 0.983}",256.481,257.464,259.481,260.981
292,TT2,93.0,URGENT,COMPLETED,gpu,260.186,"{'cpu': 2.29, 'gpu': 0.097, 'CLOUD': 0.097}",260.186,260.28299999999996,262.686,263.936
293,TT2,266.0,URGENT,COMPLETED,gpu,260.63,"{'cpu': 2.305, 'gpu': 0.102, 'CLOUD': 0.102}",260.63,260.73199999999997,263.13,264.38
294,TT1,447.0,BESTEFFORT,COMPLETED,gpu,260.794,"{'cpu': 1.469, 'gpu': 0.953, 'CLOUD': 0.953}",260.794,261.74699999999996,263.794,265.294
295,TT2,167.0,URGENT,COMPLETED,gpu,261.929,"{'cpu': 2.314, 'gpu': 0.1, 'CLOUD': 0.1}",261.929,262.029,264.429,265.679
296,TT1,7.0,BESTEFFORT,COMPLETED,gpu,262.263,"{'cpu': 1.474, 'gpu': 0.956, 'CLOUD': 0.956}",262.263,263.219,265.263,266.763
297,TT1,7.0,BESTEFFORT,COMPLETED,gpu,263.218,"{'cpu': 1.471, 'gpu': 0.965, 'CLOUD': 0.965}",263.219,264.18399999999997,266.218,267.718
298,TT2,114.0,URGENT,COMPLETED,gpu,265.517,"{'cpu': 2.325, 'gpu': 0.097, 'CLOUD': 0.097}",265.517,265.614,268.017,269.267
299,TT1,7.0,BESTEFFORT,COMPLETED,gpu,267.364,"{'cpu': 1.452, 'gpu': 0.966, 'CLOUD': 0.966}",267.364,268.33,270.364,271.864
300,TT2,100.0,URGENT,COMPLETED,gpu,267.992,"{'cpu': 2.304, 'gpu': 0.095, 'CLOUD': 0.095}",268.33,268.425,270.492,271.742
301,TT1,49.0,BESTEFFORT,COMPLETED,gpu,268.068,"{'cpu': 1.454, 'gpu': 0.972, 'CLOUD': 0.972}",268.425,269.397,271.068,272.568
302,TT1,6.0,BESTEFFORT,COMPLETED,gpu,269.686,"{'cpu': 1.446, 'gpu': 0.971, 'CLOUD': 0.971}",269.686,270.657,272.686,274.186
303,TT2,197.0,URGENT,COMPLETED,gpu,270.191,"{'cpu': 2.277, 'gpu': 0.095, 'CLOUD': 0.095}",270.657,270.752,272.691,273.941
304,TT1,7.0,BESTEFFORT,COMPLETED,gpu,272.424,"{'cpu': 1.455, 'gpu': 0.969, 'CLOUD': 0.969}",272.424,273.393,275.424,276.924
305,TT1,7.0,BESTEFFORT,COMPLETED,gpu,273.091,"{'cpu': 1.471, 'gpu': 0.963, 'CLOUD': 0.963}",273.393,274.356,276.091,277.591
306,TT2,130.0,URGENT,COMPLETED,gpu,274.306,"{'cpu': 2.312, 'gpu': 0.092, 'CLOUD': 0.092}",274.356,274.448,276.806,278.056
307,TT2,225.0,URGENT,COMPLETED,gpu,276.035,"{'cpu': 2.311, 'gpu': 0.101, 'CLOUD': 0.101}",276.035,276.136,278.535,279.785
308,TT1,6.0,BESTEFFORT,COMPLETED,gpu,276.252,"{'cpu': 1.447, 'gpu': 0.961, 'CLOUD': 0.961}",276.252,277.213,279.252,280.752
309,TT1,44.0,BESTEFFORT,COMPLETED,gpu,276.492,"{'cpu': 1.47, 'gpu': 0.976, 'CLOUD': 0.976}",277.213,278.189,279.492,280.992
310,TT1,126.0,BESTEFFORT,COMPLETED,gpu,277.373,"{'cpu': 1.452, 'gpu': 0.973, 'CLOUD': 0.973}",278.189,279.16200000000003,280.373,281.873
311,TT1,559.0,BESTEFFORT,COMPLETED,gpu,278.572,"{'cpu': 1.454, 'gpu': 0.992, 'CLOUD': 0.992}",279.16200000000003,280.15400000000005,281.572,283.072
312,TT1,157.0,BESTEFFORT,COMPLETED,gpu,278.93,"{'cpu': 1.46, 'gpu': 0.969, 'CLOUD': 0.969}",280.15400000000005,281.12300000000005,281.93,283.43
313,TT1,214.0,BESTEFFORT,MISSED,gpu,278.93,"{'cpu': 1.455, 'gpu': 0.982, 'CLOUD': 0.982}",283.2830000000001,inf,281.93,283.43
314,TT2,198.0,URGENT,MISSED,gpu,279.6,"{'cpu': 2.302, 'gpu': 0.098, 'CLOUD': 0.098}",282.20000000000005,inf,282.1,283.35
315,TT2,178.0,URGENT,COMPLETED,gpu,279.614,"{'cpu': 2.308, 'gpu': 0.1, 'CLOUD': 0.1}",281.12300000000005,281.22300000000007,282.114,283.364
316,TT1,7.0,BESTEFFORT,COMPLETED,gpu,279.942,"{'cpu': 1.451, 'gpu': 0.977, 'CLOUD': 0.977}",281.22300000000007,282.20000000000005,282.942,284.442
317,TT1,59.0,BESTEFFORT,COMPLETED,gpu,280.228,"{'cpu': 1.465, 'gpu': 0.983, 'CLOUD': 0.983}",282.20000000000005,283.18300000000005,283.228,284.728
318,TT2,166.0,URGENT,COMPLETED,gpu,280.987,"{'cpu': 2.317, 'gpu': 0.1, 'CLOUD': 0.1}",283.18300000000005,283.2830000000001,283.487,284.737
319,TT2,198.0,URGENT,COMPLETED,gpu,281.411,"{'cpu': 2.3, 'gpu': 0.112, 'CLOUD': 0.112}",283.43,283.54200000000003,283.911,285.161
320,TT2,135.0,URGENT,COMPLETED,gpu,283.431,"{'cpu': 2.29, 'gpu': 0.1, 'CLOUD': 0.1}",283.54200000000003,283.64200000000005,285.931,287.181
321,TT2,233.0,URGENT,COMPLETED,gpu,284.4,"{'cpu': 2.312, 'gpu': 0.102, 'CLOUD': 0.102}",284.4,284.50199999999995,286.9,288.15
322,TT1,7.0,BESTEFFORT,COMPLETED,gpu,284.512,"{'cpu': 1.471, 'gpu': 0.964, 'CLOUD': 0.964}",284.512,285.476,287.512,289.012
323,TT2,137.0,URGENT,COMPLETED,gpu,284.815,"{'cpu': 2.311, 'gpu': 0.098, 'CLOUD': 0.098}",285.476,285.574,287.315,288.565
324,TT2,192.0,URGENT,COMPLETED,gpu,290.24,"{'cpu': 2.301, 'gpu': 0.103, 'CLOUD': 0.103}",290.24,290.343,292.74,293.99
325,TT1,90.0,BESTEFFORT,COMPLETED,gpu,293.585,"{'cpu': 1.456, 'gpu': 0.971, 'CLOUD': 0.971}",293.585,294.556,296.585,298.085
326,TT1,16.0,BESTEFFORT,COMPLETED,gpu,294.118,"{'cpu': 1.44, 'gpu': 0.963, 'CLOUD': 0.963}",294.556,295.519,297.118,298.618
327,TT1,59.0,BESTEFFORT,COMPLETED,gpu,294.591,"{'cpu': 1.461, 'gpu': 0.992, 'CLOUD': 0.992}",295.519,296.511,297.591,299.091
328,TT2,242.0,URGENT,COMPLETED,gpu,295.494,"{'cpu': 2.286, 'gpu': 0.098, 'CLOUD': 0.098}",296.511,296.60900000000004,297.994,299.244
329,TT2,129.0,URGENT,COMPLETED,gpu,296.967,"{'cpu': 2.299, 'gpu': 0.099, 'CLOUD': 0.099}",296.967,297.066,299.467,300.717
330,TT2,147.0,URGENT,COMPLETED,gpu,297.082,"{'cpu': 2.296, 'gpu': 0.096, 'CLOUD': 0.096}",297.082,297.178,299.582,300.832
331,TT1,157.0,BESTEFFORT,COMPLETED,gpu,297.127,"{'cpu': 1.453, 'gpu': 0.969, 'CLOUD': 0.969}",297.178,298.147,300.127,301.627
332,TT2,68.0,URGENT,COMPLETED,gpu,299.081,"{'cpu': 2.291, 'gpu': 0.102, 'CLOUD': 0.102}",299.081,299.183,301.581,302.831
333,TT1,169.0,BESTEFFORT,COMPLETED,gpu,299.891,"{'cpu': 1.461, 'gpu': 0.968, 'CLOUD': 0.968}",299.891,300.85900000000004,302.891,304.391
334,TT2,214.0,URGENT,COMPLETED,gpu,300.44,"{'cpu': 2.29, 'gpu': 0.095, 'CLOUD': 0.095}",300.85900000000004,300.95400000000006,302.94,304.19
335,TT2,228.0,URGENT,COMPLETED,gpu,302.044,"{'cpu': 2.292, 'gpu': 0.11, 'CLOUD': 0.11}",302.044,302.154,304.544,305.794
336,TT1,157.0,BESTEFFORT,COMPLETED,gpu,303.53,"{'cpu': 1.46, 'gpu': 0.98, 'CLOUD': 0.98}",303.53,304.51,306.53,308.03
337,TT2,141.0,URGENT,COMPLETED,gpu,303.722,"{'cpu': 2.308, 'gpu': 0.098, 'CLOUD': 0.098}",304.51,304.608,306.222,307.472
338,TT1,6.0,BESTEFFORT,COMPLETED,gpu,307.727,"{'cpu': 1.445, 'gpu': 0.985, 'CLOUD': 0.985}",307.727,308.712,310.727,312.227
339,TT1,559.0,BESTEFFORT,COMPLETED,gpu,307.996,"{'cpu': 1.436, 'gpu': 0.977, 'CLOUD': 0.977}",308.712,309.68899999999996,310.996,312.496
340,TT1,6.0,BESTEFFORT,COMPLETED,gpu,308.331,"{'cpu': 1.455, 'gpu': 0.97, 'CLOUD': 0.97}",309.68899999999996,310.659,311.331,312.831
341,TT1,44.0,BESTEFFORT,COMPLETED,gpu,311.491,"{'cpu': 1.457, 'gpu': 0.952, 'CLOUD': 0.952}",311.491,312.443,314.491,315.991
342,TT1,44.0,BESTEFFORT,COMPLETED,gpu,312.623,"{'cpu': 1.44, 'gpu': 0.972, 'CLOUD': 0.972}",312.623,313.59499999999997,315.623,317.123
343,TT1,90.0,BESTEFFORT,COMPLETED,gpu,312.954,"{'cpu': 1.479, 'gpu': 0.965, 'CLOUD': 0.965}",313.59499999999997,314.55999999999995,315.954,317.454
344,TT1,7.0,BESTEFFORT,COMPLETED,gpu,315.977,"{'cpu': 1.452, 'gpu': 0.963, 'CLOUD': 0.963}",315.977,316.94,318.977,320.477
345,TT1,512.0,BESTEFFORT,COMPLETED,gpu,316.299,"{'cpu': 1.463, 'gpu': 0.969, 'CLOUD': 0.969}",316.94,317.909,319.299,320.799
346,TT1,126.0,BESTEFFORT,COMPLETED,gpu,317.045,"{'cpu': 1.441, 'gpu': 0.983, 'CLOUD': 0.983}",317.909,318.892,320.045,321.545
347,TT2,204.0,URGENT,COMPLETED,gpu,318.652,"{'cpu': 2.309, 'gpu': 0.099, 'CLOUD': 0.099}",318.892,318.991,321.152,322.402
348,TT1,28.0,BESTEFFORT,COMPLETED,gpu,319.138,"{'cpu': 1.468, 'gpu': 0.967, 'CLOUD': 0.967}",319.138,320.10499999999996,322.138,323.638
349,TT1,498.0,BESTEFFORT,COMPLETED,gpu,319.717,"{'cpu': 1.459, 'gpu': 0.986, 'CLOUD': 0.986}",320.10499999999996,321.09099999999995,322.717,324.217
350,TT1,7.0,BESTEFFORT,COMPLETED,gpu,322.741,"{'cpu': 1.47, 'gpu': 0.969, 'CLOUD': 0.969}",322.741,323.71,325.741,327.241
351,TT2,67.0,URGENT,COMPLETED,gpu,325.113,"{'cpu': 2.301, 'gpu': 0.096, 'CLOUD': 0.096}",325.113,325.209,327.613,328.863
352,TT1,447.0,BESTEFFORT,COMPLETED,gpu,325.985,"{'cpu': 1.47, 'gpu': 0.969, 'CLOUD': 0.969}",325.985,326.954,328.985,330.485
353,TT1,379.0,BESTEFFORT,COMPLETED,gpu,326.065,"{'cpu': 1.457, 'gpu': 0.983, 'CLOUD': 0.983}",326.954,327.937,329.065,330.565
354,TT1,214.0,BESTEFFORT,COMPLETED,gpu,326.718,"{'cpu': 1.468, 'gpu': 0.973, 'CLOUD': 0.973}",327.937,328.91,329.718,331.218
355,TT1,49.0,BESTEFFORT,COMPLETED,gpu,327.169,"{'cpu': 1.458, 'gpu': 0.964, 'CLOUD': 0.964}",328.91,329.874,330.169,331.669
356,TT1,214.0,BESTEFFORT,COMPLETED,gpu,328.792,"{'cpu': 1.465, 'gpu': 0.965, 'CLOUD': 0.965}",329.874,330.839,331.792,333.292
357,TT2,129.0,URGENT,MISSED,gpu,328.999,"{'cpu': 2.325, 'gpu': 0.105, 'CLOUD': 0.105}",332.87199999999996,inf,331.499,332.749
358,TT1,214.0,BESTEFFORT,COMPLETED,gpu,329.66,"{'cpu': 1.441, 'gpu': 0.967, 'CLOUD': 0.967}",330.839,331.806,332.66,334.16
359,TT2,74.0,URGENT,COMPLETED,gpu,330.025,"{'cpu': 2.299, 'gpu': 0.099, 'CLOUD': 0.099}",331.806,331.905,332.525,333.775
360,TT1,7.0,BESTEFFORT,COMPLETED,gpu,331.475,"{'cpu': 1.468, 'gpu': 0.967, 'CLOUD': 0.967}",331.905,332.87199999999996,334.475,335.975
361,TT2,217.0,URGENT,COMPLETED,gpu,333.69,"{'cpu': 2.31, 'gpu': 0.098, 'CLOUD': 0.098}",333.69,333.788,336.19,337.44
362,TT1,13.0,BESTEFFORT,COMPLETED,gpu,335.016,"{'cpu': 1.453, 'gpu': 0.973, 'CLOUD': 0.973}",335.016,335.98900000000003,338.016,339.516
363,TT1,214.0,BESTEFFORT,COMPLETED,gpu,335.278,"{'cpu': 1.456, 'gpu': 0.974, 'CLOUD': 0.974}",335.98900000000003,336.963,338.278,339.778
364,TT2,260.0,URGENT,COMPLETED,gpu,338.595,"{'cpu': 2.303, 'gpu': 0.097, 'CLOUD': 0.097}",338.595,338.692,341.095,342.345
365,TT3,200.2,BESTEFFORT,COMPLETED,gpu,340.133,"{'cpu': 5.495, 'gpu': 1.515, 'CLOUD': 1.515}",340.133,341.64799999999997,349.133,353.633
366,TT3,202.6,BESTEFFORT,COMPLETED,gpu,340.23,"{'cpu': 5.503, 'gpu': 1.497, 'CLOUD': 1.497}",341.64799999999997,343.145,349.23,353.73
367,TT3,118.8,BESTEFFORT,XCOMPLETED,gpu,341.053,"{'cpu': 5.493, 'gpu': 1.516, 'CLOUD': 1.516}",349.155,350.671,350.053,354.553
368,TT3,183.4,BESTEFFORT,COMPLETED,gpu,341.302,"{'cpu': 5.504, 'gpu': 1.504, 'CLOUD': 1.504}",346.14099999999996,347.645,350.302,354.802
369,TT3,122.4,BESTEFFORT,COMPLETED,gpu,341.485,"{'cpu': 5.508, 'gpu': 1.489, 'CLOUD': 1.489}",343.145,344.63399999999996,350.485,354.985
370,TT3,286.2,BESTEFFORT,COMPLETED,gpu,341.616,"{'cpu': 5.489, 'gpu': 1.507, 'CLOUD': 1.507}",344.63399999999996,346.14099999999996,350.616,355.116
371,TT3,306.8,BESTEFFORT,CANCELLED,,341.658,"{'cpu': 5.485, 'gpu': 1.48, 'CLOUD': 1.48}",inf,inf,350.658,355.158
372,TT1,44.0,BESTEFFORT,MISSED,gpu,343.017,"{'cpu': 1.443, 'gpu': 0.952, 'CLOUD': 0.952}",347.645,inf,346.017,347.517
373,TT3,214.0,BESTEFFORT,COMPLETED,gpu,343.543,"{'cpu': 5.489, 'gpu': 1.51, 'CLOUD': 1.51}",347.645,349.155,352.543,357.043
374,TT3,103.0,BESTEFFORT,XCOMPLETED,gpu,343.75,"{'cpu': 5.502, 'gpu': 1.492, 'CLOUD': 1.492}",352.166,353.658,352.75,357.25
375,TT3,206.3,BESTEFFORT,COMPLETED,gpu,343.765,"{'cpu': 5.506, 'gpu': 1.495, 'CLOUD': 1.495}",350.671,352.166,352.765,357.265
376,TT1,387.0,BESTEFFORT,MISSED,gpu,344.085,"{'cpu': 1.446, 'gpu': 0.989, 'CLOUD': 0.989}",352.166,inf,347.085,348.585
377,TT3,121.0,BESTEFFORT,XCOMPLETED,gpu,344.405,"{'cpu': 5.51, 'gpu': 1.507, 'CLOUD': 1.507}",353.658,355.165,353.405,357.905
378,TT3,165.4,BESTEFFORT,XCOMPLETED,gpu,344.602,"{'cpu': 5.504, 'gpu': 1.483, 'CLOUD': 1.483}",355.165,356.648,353.602,358.102
379,TT3,401.5,BESTEFFORT,XCOMPLETED,gpu,344.871,"{'cpu': 5.518, 'gpu': 1.492, 'CLOUD': 1.492}",356.648,358.14000000000004,353.871,358.371
380,TT2,201.0,URGENT,MISSED,gpu,345.577,"{'cpu': 2.321, 'gpu': 0.1, 'CLOUD': 0.1}",358.14000000000004,inf,348.077,349.327
381,TT2,222.0,URGENT,CANCELLED,,347.106,"{'cpu': 2.304, 'gpu': 0.096, 'CLOUD': 0.096}",inf,inf,349.606,350.856
382,TT2,242.0,URGENT,CANCELLED,,347.183,"{'cpu': 2.304, 'gpu': 0.095, 'CLOUD': 0.095}",inf,inf,349.683,350.933
383,TT1,7.0,BESTEFFORT,MISSED,gpu,347.942,"{'cpu': 1.455, 'gpu': 0.978, 'CLOUD': 0.978}",358.14000000000004,inf,350.942,352.442
384,TT2,258.0,URGENT,MISSED,gpu,348.24,"{'cpu': 2.29, 'gpu': 0.097, 'CLOUD': 0.097}",358.14000000000004,inf,350.74,351.99
385,TT1,10.0,BESTEFFORT,MISSED,gpu,349.949,"{'cpu': 1.453, 'gpu': 0.961, 'CLOUD': 0.961}",358.14000000000004,inf,352.949,354.449
386,TT1,28.0,BESTEFFORT,MISSED,gpu,349.963,"{'cpu': 1.452, 'gpu': 0.964, 'CLOUD': 0.964}",358.14000000000004,inf,352.963,354.463
387,TT2,96.0,URGENT,MISSED,gpu,350.696,"{'cpu': 2.286, 'gpu': 0.104, 'CLOUD': 0.104}",358.14000000000004,inf,353.196,354.446
388,TT2,140.0,URGENT,MISSED,gpu,352.907,"{'cpu': 2.289, 'gpu': 0.094, 'CLOUD': 0.094}",358.14000000000004,inf,355.407,356.657
389,TT1,146.0,BESTEFFORT,XCOMPLETED,gpu,355.654,"{'cpu': 1.472, 'gpu': 0.971, 'CLOUD': 0.971}",358.14000000000004,359.11100000000005,358.654,360.154
390,TT1,44.0,BESTEFFORT,COMPLETED,gpu,357.892,"{'cpu': 1.464, 'gpu': 0.948, 'CLOUD': 0.948}",359.11100000000005,360.059,360.892,362.392
391,TT1,7.0,BESTEFFORT,XCOMPLETED,gpu,358.066,"{'cpu': 1.456, 'gpu': 0.975, 'CLOUD': 0.975}",361.226,362.201,361.066,362.566
392,TT1,498.0,BESTEFFORT,COMPLETED,gpu,358.255,"{'cpu': 1.469, 'gpu': 0.96, 'CLOUD': 0.96}",360.059,361.019,361.255,362.755
393,TT2,87.0,URGENT,COMPLETED,gpu,359.717,"{'cpu': 2.305, 'gpu': 0.11, 'CLOUD': 0.11}",361.019,361.129,362.217,363.467
394,TT2,241.0,URGENT,COMPLETED,gpu,360.402,"{'cpu': 2.296, 'gpu': 0.097, 'CLOUD': 0.097}",361.129,361.226,362.902,364.152
395,TT1,59.0,BESTEFFORT,COMPLETED,gpu,361.873,"{'cpu': 1.444, 'gpu': 0.995, 'CLOUD': 0.995}",362.201,363.196,364.873,366.373
396,TT1,95.0,BESTEFFORT,COMPLETED,gpu,363.045,"{'cpu': 1.467, 'gpu': 0.969, 'CLOUD': 0.969}",363.196,364.165,366.045,367.545
397,TT1,559.0,BESTEFFORT,COMPLETED,gpu,365.982,"{'cpu': 1.448, 'gpu': 0.971, 'CLOUD': 0.971}",365.982,366.95300000000003,368.982,370.482
398,TT2,207.0,URGENT,COMPLETED,gpu,366.36,"{'cpu': 2.307, 'gpu': 0.102, 'CLOUD': 0.102}",366.95300000000003,367.055,368.86,370.11
399,TT1,146.0,BESTEFFORT,COMPLETED,gpu,366.463,"{'cpu': 1.463, 'gpu': 0.968, 'CLOUD': 0.968}",367.055,368.023,369.463,370.963
400,TT2,244.0,URGENT,COMPLETED,gpu,367.869,"{'cpu': 2.31, 'gpu': 0.1, 'CLOUD': 0.1}",368.023,368.12300000000005,370.369,371.619
401,TT2,115.0,URGENT,COMPLETED,gpu,369.91,"{'cpu': 2.305, 'gpu': 0.104, 'CLOUD': 0.104}",369.91,370.014,372.41,373.66
402,TT1,95.0,BESTEFFORT,COMPLETED,gpu,370.023,"{'cpu': 1.453, 'gpu': 0.978, 'CLOUD': 0.978}",370.023,371.00100000000003,373.023,374.523
403,TT1,379.0,BESTEFFORT,COMPLETED,gpu,371.073,"{'cpu': 1.447, 'gpu': 0.964, 'CLOUD': 0.964}",371.073,372.037,374.073,375.573
404,TT1,169.0,BESTEFFORT,COMPLETED,gpu,371.08,"{'cpu': 1.425, 'gpu': 0.963, 'CLOUD': 0.963}",372.037,373.0,374.08,375.58
405,TT1,6.0,BESTEFFORT,XCOMPLETED,gpu,371.243,"{'cpu': 1.425, 'gpu': 0.96, 'CLOUD': 0.96}",373.966,374.926,374.243,375.743
406,TT1,7.0,BESTEFFORT,COMPLETED,gpu,371.415,"{'cpu': 1.478, 'gpu': 0.966, 'CLOUD': 0.966}",373.0,373.966,374.415,375.915
407,TT1,7.0,BESTEFFORT,MISSED,gpu,372.325,"{'cpu': 1.458, 'gpu': 0.985, 'CLOUD': 0.985}",375.896,inf,375.325,376.825
408,TT1,6.0,BESTEFFORT,XCOMPLETED,gpu,372.375,"{'cpu': 1.46, 'gpu': 0.97, 'CLOUD': 0.97}",374.926,375.896,375.375,376.875
409,TT2,127.0,URGENT,COMPLETED,gpu,378.896,"{'cpu': 2.326, 'gpu': 0.096, 'CLOUD': 0.096}",378.896,378.992,381.396,382.646
410,TT2,122.0,URGENT,COMPLETED,gpu,379.689,"{'cpu': 2.291, 'gpu': 0.098, 'CLOUD': 0.098}",379.689,379.78700000000003,382.189,383.439
411,TT1,59.0,BESTEFFORT,COMPLETED,gpu,382.749,"{'cpu': 1.462, 'gpu': 0.961, 'CLOUD': 0.961}",382.749,383.71000000000004,385.749,387.249
412,TT1,120.0,BESTEFFORT,COMPLETED,gpu,385.309,"{'cpu': 1.454, 'gpu': 0.967, 'CLOUD': 0.967}",385.309,386.276,388.309,389.809
413,TT1,447.0,BESTEFFORT,COMPLETED,gpu,386.65,"{'cpu': 1.47, 'gpu': 0.974, 'CLOUD': 0.974}",386.65,387.62399999999997,389.65,391.15
414,TT1,7.0,BESTEFFORT,COMPLETED,gpu,387.057,"{'cpu': 1.466, 'gpu': 0.951, 'CLOUD': 0.951}",387.62399999999997,388.575,390.057,391.557
415,TT1,512.0,BESTEFFORT,COMPLETED,gpu,387.461,"{'cpu': 1.449, 'gpu': 0.964, 'CLOUD': 0.964}",388.575,389.539,390.461,391.961
416,TT1,7.0,BESTEFFORT,COMPLETED,gpu,390.206,"{'cpu': 1.449, 'gpu': 0.949, 'CLOUD': 0.949}",390.206,391.15500000000003,393.206,394.706
417,TT1,30.0,BESTEFFORT,COMPLETED,gpu,391.702,"{'cpu': 1.458, 'gpu': 0.957, 'CLOUD': 0.957}",391.702,392.659,394.702,396.202
418,TT1,169.0,BESTEFFORT,COMPLETED,gpu,392.502,"{'cpu': 1.453, 'gpu': 0.969, 'CLOUD': 0.969}",392.659,393.628,395.502,397.002
419,TT2,85.0,URGENT,COMPLETED,gpu,394.53,"{'cpu': 2.293, 'gpu': 0.101, 'CLOUD': 0.101}",394.53,394.631,397.03,398.28
420,TT1,6.0,BESTEFFORT,COMPLETED,gpu,394.54,"{'cpu': 1.44, 'gpu': 0.979, 'CLOUD': 0.979}",394.631,395.60999999999996,397.54,399.04
421,TT1,157.0,BESTEFFORT,COMPLETED,gpu,395.596,"{'cpu': 1.457, 'gpu': 0.977, 'CLOUD': 0.977}",395.60999999999996,396.58699999999993,398.596,400.096
422,TT1,379.0,BESTEFFORT,COMPLETED,gpu,396.371,"{'cpu': 1.438, 'gpu': 0.968, 'CLOUD': 0.968}",396.58699999999993,397.55499999999995,399.371,400.871
423,TT2,70.0,URGENT,COMPLETED,gpu,396.725,"{'cpu': 2.313, 'gpu': 0.108, 'CLOUD': 0.108}",397.55499999999995,397.66299999999995,399.225,400.475
424,TT1,44.0,BESTEFFORT,COMPLETED,gpu,397.728,"{'cpu': 1.45, 'gpu': 0.961, 'CLOUD': 0.961}",397.728,398.689,400.728,402.228
425,TT2,157.0,URGENT,COMPLETED,gpu,399.308,"{'cpu': 2.294, 'gpu': 0.094, 'CLOUD': 0.094}",399.308,399.402,401.808,403.058
426,TT1,559.0,BESTEFFORT,COMPLETED,gpu,401.971,"{'cpu': 1.457, 'gpu': 0.981, 'CLOUD': 0.981}",401.971,402.952,404.971,406.471
427,TT1,7.0,BESTEFFORT,COMPLETED,gpu,403.707,"{'cpu': 1.47, 'gpu': 0.952, 'CLOUD': 0.952}",403.707,404.659,406.707,408.207
428,TT2,198.0,URGENT,COMPLETED,gpu,404.772,"{'cpu': 2.294, 'gpu': 0.092, 'CLOUD': 0.092}",404.772,404.864,407.272,408.522
429,TT1,90.0,BESTEFFORT,COMPLETED,gpu,405.694,"{'cpu': 1.457, 'gpu': 0.99, 'CLOUD': 0.99}",405.694,406.684,408.694,410.194
430,TT1,559.0,BESTEFFORT,COMPLETED,gpu,405.887,"{'cpu': 1.462, 'gpu': 0.972, 'CLOUD': 0.972}",406.684,407.656,408.887,410.387
431,TT2,118.0,URGENT,COMPLETED,gpu,406.33,"{'cpu': 2.304, 'gpu': 0.112, 'CLOUD': 0.112}",407.656,407.76800000000003,408.83,410.08
432,TT1,95.0,BESTEFFORT,COMPLETED,gpu,407.24,"{'cpu': 1.457, 'gpu': 0.961, 'CLOUD': 0.961}",407.76800000000003,408.72900000000004,410.24,411.74
433,TT2,138.0,URGENT,COMPLETED,gpu,407.945,"{'cpu': 2.309, 'gpu': 0.098, 'CLOUD': 0.098}",408.72900000000004,408.82700000000006,410.445,411.695
434,TT1,6.0,BESTEFFORT,COMPLETED,gpu,408.265,"{'cpu': 1.449, 'gpu': 0.981, 'CLOUD': 0.981}",408.93000000000006,409.91100000000006,411.265,412.765
435,TT2,87.0,URGENT,COMPLETED,gpu,408.617,"{'cpu': 2.302, 'gpu': 0.103, 'CLOUD': 0.103}",408.82700000000006,408.93000000000006,411.117,412.367
436,TT1,379.0,BESTEFFORT,COMPLETED,gpu,410.113,"{'cpu': 1.455, 'gpu': 0.968, 'CLOUD': 0.968}",410.113,411.081,413.113,414.613
437,TT1,7.0,BESTEFFORT,COMPLETED,gpu,410.626,"{'cpu': 1.45, 'gpu': 0.997, 'CLOUD': 0.997}",411.081,412.07800000000003,413.626,415.126
438,TT1,44.0,BESTEFFORT,COMPLETED,gpu,413.411,"{'cpu': 1.468, 'gpu': 0.956, 'CLOUD': 0.956}",413.411,414.367,416.411,417.911
439,TT2,183.0,URGENT,COMPLETED,gpu,414.218,"{'cpu': 2.294, 'gpu': 0.103, 'CLOUD': 0.103}",414.367,414.47,416.718,417.968
440,TT1,28.0,BESTEFFORT,COMPLETED,gpu,414.642,"{'cpu': 1.469, 'gpu': 0.983, 'CLOUD': 0.983}",414.642,415.625,417.642,419.142
441,TT1,379.0,BESTEFFORT,COMPLETED,gpu,417.985,"{'cpu': 1.46, 'gpu': 0.988, 'CLOUD': 0.988}",417.985,418.973,420.985,422.485
442,TT2,127.0,URGENT,COMPLETED,gpu,418.341,"{'cpu': 2.286, 'gpu': 0.105, 'CLOUD': 0.105}",418.973,419.07800000000003,420.841,422.091
443,TT2,166.0,URGENT,COMPLETED,gpu,420.006,"{'cpu': 2.302, 'gpu': 0.089, 'CLOUD': 0.089}",420.006,420.09499999999997,422.506,423.756
444,TT1,559.0,BESTEFFORT,COMPLETED,gpu,421.851,"{'cpu': 1.461, 'gpu': 0.98, 'CLOUD': 0.98}",421.851,422.831,424.851,426.351
445,TT1,379.0,BESTEFFORT,COMPLETED,gpu,422.479,"{'cpu': 1.447, 'gpu': 0.957, 'CLOUD': 0.957}",422.831,423.788,425.479,426.979
446,TT1,30.0,BESTEFFORT,COMPLETED,gpu,422.585,"{'cpu': 1.47, 'gpu': 0.969, 'CLOUD': 0.969}",423.788,424.757,425.585,427.085
447,TT2,129.0,URGENT,COMPLETED,gpu,425.013,"{'cpu': 2.302, 'gpu': 0.105, 'CLOUD': 0.105}",425.013,425.118,427.513,428.763
448,TT2,188.0,URGENT,COMPLETED,gpu,426.045,"{'cpu': 2.295, 'gpu': 0.107, 'CLOUD': 0.107}",426.045,426.15200000000004,428.545,429.795
449,TT1,120.0,BESTEFFORT,COMPLETED,gpu,428.469,"{'cpu': 1.462, 'gpu': 0.975, 'CLOUD': 0.975}",428.469,429.444,431.469,432.969
450,TT1,103.0,BESTEFFORT,COMPLETED,gpu,431.526,"{'cpu': 1.445, 'gpu': 0.979, 'CLOUD': 0.979}",431.526,432.505,434.526,436.026
451,TT1,214.0,BESTEFFORT,COMPLETED,gpu,434.024,"{'cpu': 1.424, 'gpu': 0.982, 'CLOUD': 0.982}",434.024,435.00600000000003,437.024,438.524
452,TT2,131.0,URGENT,COMPLETED,gpu,437.324,"{'cpu': 2.293, 'gpu': 0.094, 'CLOUD': 0.094}",437.324,437.418,439.824,441.074
453,TT2,330.0,URGENT,COMPLETED,gpu,438.389,"{'cpu': 2.292, 'gpu': 0.098, 'CLOUD': 0.098}",438.389,438.487,440.889,442.139
454,TT2,185.0,URGENT,COMPLETED,gpu,440.903,"{'cpu': 2.304, 'gpu': 0.101, 'CLOUD': 0.101}",440.903,441.004,443.403,444.653
455,TT2,97.0,URGENT,COMPLETED,gpu,441.785,"{'cpu': 2.294, 'gpu': 0.097, 'CLOUD': 0.097}",441.785,441.882,444.285,445.535
456,TT1,95.0,BESTEFFORT,COMPLETED,gpu,443.381,"{'cpu': 1.461, 'gpu': 0.958, 'CLOUD': 0.958}",443.381,444.339,446.381,447.881
457,TT1,7.0,BESTEFFORT,COMPLETED,gpu,446.255,"{'cpu': 1.457, 'gpu': 0.969, 'CLOUD': 0.969}",446.255,447.224,449.255,450.755
458,TT1,7.0,BESTEFFORT,COMPLETED,gpu,448.182,"{'cpu': 1.477, 'gpu': 0.984, 'CLOUD': 0.984}",448.182,449.166,451.182,452.682
459,TT2,193.0,URGENT,COMPLETED,gpu,449.797,"{'cpu': 2.302, 'gpu': 0.095, 'CLOUD': 0.095}",449.797,449.89200000000005,452.297,453.547
460,TT1,214.0,BESTEFFORT,COMPLETED,gpu,450.432,"{'cpu': 1.466, 'gpu': 0.964, 'CLOUD': 0.964}",450.432,451.396,453.432,454.932
461,TT1,559.0,BESTEFFORT,COMPLETED,gpu,451.968,"{'cpu': 1.463, 'gpu': 0.974, 'CLOUD': 0.974}",451.968,452.942,454.968,456.468
462,TT2,193.0,URGENT,COMPLETED,gpu,452.148,"{'cpu': 2.307, 'gpu': 0.096, 'CLOUD': 0.096}",452.942,453.038,454.648,455.898
463,TT1,7.0,BESTEFFORT,COMPLETED,gpu,453.042,"{'cpu': 1.474, 'gpu': 0.983, 'CLOUD': 0.983}",453.042,454.025,456.042,457.542
464,TT1,6.0,BESTEFFORT,COMPLETED,gpu,456.316,"{'cpu': 1.449, 'gpu': 0.979, 'CLOUD': 0.979}",456.316,457.29499999999996,459.316,460.816
465,TT1,103.0,BESTEFFORT,COMPLETED,gpu,456.322,"{'cpu': 1.459, 'gpu': 0.981, 'CLOUD': 0.981}",457.29499999999996,458.27599999999995,459.322,460.822
466,TT1,10.0,BESTEFFORT,COMPLETED,gpu,456.419,"{'cpu': 1.463, 'gpu': 0.969, 'CLOUD': 0.969}",458.371,459.34,459.419,460.919
467,TT2,185.0,URGENT,COMPLETED,gpu,456.435,"{'cpu': 2.28, 'gpu': 0.095, 'CLOUD': 0.095}",458.27599999999995,458.371,458.935,460.185
468,TT2,164.0,URGENT,MISSED,gpu,457.995,"{'cpu': 2.302, 'gpu': 0.098, 'CLOUD': 0.098}",462.24899999999997,inf,460.495,461.745
469,TT1,44.0,BESTEFFORT,COMPLETED,gpu,458.081,"{'cpu': 1.455, 'gpu': 0.972, 'CLOUD': 0.972}",459.34,460.31199999999995,461.081,462.581
470,TT1,7.0,BESTEFFORT,XCOMPLETED,gpu,458.637,"{'cpu': 1.458, 'gpu': 0.968, 'CLOUD': 0.968}",461.28099999999995,462.24899999999997,461.637,463.137
471,TT1,498.0,BESTEFFORT,COMPLETED,gpu,458.873,"{'cpu': 1.462, 'gpu': 0.969, 'CLOUD': 0.969}",460.31199999999995,461.28099999999995,461.873,463.373
472,TT2,245.0,URGENT,MISSED,gpu,459.134,"{'cpu': 2.305, 'gpu': 0.105, 'CLOUD': 0.105}",462.24899999999997,inf,461.634,462.884
473,TT2,112.0,URGENT,COMPLETED,gpu,462.793,"{'cpu': 2.296, 'gpu': 0.1, 'CLOUD': 0.1}",462.793,462.89300000000003,465.293,466.543
474,TT1,146.0,BESTEFFORT,COMPLETED,gpu,463.262,"{'cpu': 1.455, 'gpu': 0.96, 'CLOUD': 0.96}",463.262,464.222,466.262,467.762
475,TT1,7.0,BESTEFFORT,COMPLETED,gpu,466.507,"{'cpu': 1.446, 'gpu': 0.974, 'CLOUD': 0.974}",466.507,467.481,469.507,471.007
476,TT2,128.0,URGENT,COMPLETED,gpu,468.683,"{'cpu': 2.303, 'gpu': 0.1, 'CLOUD': 0.1}",468.683,468.783,471.183,472.433
477,TT1,512.0,BESTEFFORT,COMPLETED,gpu,472.545,"{'cpu': 1.456, 'gpu': 0.963, 'CLOUD': 0.963}",472.545,473.50800000000004,475.545,477.045
478,TT1,214.0,BESTEFFORT,CANCELLED,,472.851,"{'cpu': 1.466, 'gpu': 0.966, 'CLOUD': 0.966}",inf,inf,475.851,477.351
479,TT2,132.0,URGENT,COMPLETED,gpu,473.41,"{'cpu': 2.285, 'gpu': 0.097, 'CLOUD': 0.097}",473.50800000000004,473.605,475.91,477.16
480,TT2,169.0,URGENT,COMPLETED,gpu,475.19,"{'cpu': 2.294, 'gpu': 0.105, 'CLOUD': 0.105}",475.19,475.295,477.69,478.94
481,TT1,157.0,BESTEFFORT,COMPLETED,gpu,475.866,"{'cpu': 1.45, 'gpu': 0.976, 'CLOUD': 0.976}",475.866,476.842,478.866,480.366
482,TT2,192.0,URGENT,COMPLETED,gpu,479.838,"{'cpu': 2.289, 'gpu': 0.102, 'CLOUD': 0.102}",479.838,479.94,482.338,483.588
483,TT2,200.0,URGENT,COMPLETED,gpu,479.885,"{'cpu': 2.31, 'gpu': 0.101, 'CLOUD': 0.101}",479.94,480.041,482.385,483.635
484,TT1,559.0,BESTEFFORT,COMPLETED,gpu,481.839,"{'cpu': 1.467, 'gpu': 0.995, 'CLOUD': 0.995}",481.839,482.834,484.839,486.339
485,TT1,559.0,BESTEFFORT,COMPLETED,gpu,482.372,"{'cpu': 1.472, 'gpu': 0.971, 'CLOUD': 0.971}",482.834,483.805,485.372,486.872
486,TT1,498.0,BESTEFFORT,COMPLETED,gpu,483.723,"{'cpu': 1.465, 'gpu': 0.974, 'CLOUD': 0.974}",483.805,484.779,486.723,488.223
487,TT1,120.0,BESTEFFORT,COMPLETED,gpu,484.978,"{'cpu': 1.475, 'gpu': 0.96, 'CLOUD': 0.96}",484.978,485.938,487.978,489.478
488,TT2,97.0,URGENT,COMPLETED,gpu,489.595,"{'cpu': 2.298, 'gpu': 0.102, 'CLOUD': 0.102}",489.595,489.697,492.095,493.345
489,TT1,49.0,BESTEFFORT,COMPLETED,gpu,489.782,"{'cpu': 1.473, 'gpu': 0.954, 'CLOUD': 0.954}",489.782,490.736,492.782,494.282
490,TT1,146.0,BESTEFFORT,COMPLETED,gpu,491.378,"{'cpu': 1.455, 'gpu': 0.961, 'CLOUD': 0.961}",491.378,492.339,494.378,495.878
491,TT2,70.0,URGENT,COMPLETED,gpu,491.933,"{'cpu': 2.3, 'gpu': 0.097, 'CLOUD': 0.097}",492.339,492.436,494.433,495.683
492,TT1,103.0,BESTEFFORT,COMPLETED,gpu,493.778,"{'cpu': 1.459, 'gpu': 0.971, 'CLOUD': 0.971}",493.778,494.749,496.778,498.278
493,TT1,214.0,BESTEFFORT,COMPLETED,gpu,494.071,"{'cpu': 1.469, 'gpu': 0.961, 'CLOUD': 0.961}",494.749,495.71000000000004,497.071,498.571
494,TT2,83.0,URGENT,COMPLETED,gpu,494.167,"{'cpu': 2.301, 'gpu': 0.105, 'CLOUD': 0.105}",495.71000000000004,495.81500000000005,496.667,497.917
495,TT1,16.0,BESTEFFORT,XCOMPLETED,gpu,494.209,"{'cpu': 1.468, 'gpu': 0.975, 'CLOUD': 0.975}",496.7780000000001,497.7530000000001,497.209,498.709
496,TT1,498.0,BESTEFFORT,COMPLETED,gpu,494.484,"{'cpu': 1.451, 'gpu': 0.963, 'CLOUD': 0.963}",495.81500000000005,496.7780000000001,497.484,498.984
497,TT2,136.0,URGENT,COMPLETED,gpu,496.153,"{'cpu': 2.326, 'gpu': 0.105, 'CLOUD': 0.105}",497.7530000000001,497.8580000000001,498.653,499.903
498,TT1,44.0,BESTEFFORT,COMPLETED,gpu,498.155,"{'cpu': 1.451, 'gpu': 0.974, 'CLOUD': 0.974}",498.155,499.12899999999996,501.155,502.655
499,TT1,90.0,BESTEFFORT,COMPLETED,gpu,499.548,"{'cpu': 1.454, 'gpu': 0.977, 'CLOUD': 0.977}",499.548,500.525,502.548,504.048
500,TT1,6.0,BESTEFFORT,COMPLETED,gpu,499.676,"{'cpu': 1.443, 'gpu': 0.956, 'CLOUD': 0.956}",500.525,501.481,502.676,504.176
